team,opponent,##,Player,GS,MIN,FG,3PT,FT,ORB-DRB,REB,PF,A,TO,BLK,STL,PTS
Niagara 64,Loyola Maryland 55,05,"05 Parker,Aaliyah",*,31,7-13,1-3,2-3,0-5,5,3,1,1,1,2,17
Niagara 64,Loyola Maryland 55,11,"11 Parker,Angel",*,23,4-14,0-5,6-8,1-4,5,4,2,3,0,2,14
Niagara 64,Loyola Maryland 55,14,"14 Yelle,Maddy",*,31,5-11,1-4,1-2,0-1,1,3,3,5,0,2,12
Niagara 64,Loyola Maryland 55,21,"21 Porter,Lore",*,16,2-9,2-7,0-0,0-0,0,3,1,0,0,0,6
Niagara 64,Loyola Maryland 55,23,"23 Rutledge,Jade",*,24,2-3,0-0,0-0,1-2,3,4,0,3,3,3,4
Niagara 64,Loyola Maryland 55,30,"30 Faulcon,Sydney",,16,3-6,0-0,0-0,1-2,3,2,0,1,1,0,6
Niagara 64,Loyola Maryland 55,01,"01 Fiddler,Shelby",,14,1-3,1-3,0-0,0-1,1,1,3,0,0,0,3
Niagara 64,Loyola Maryland 55,04,"04 Hicks,Ary",,21,1-3,0-1,0-0,3-1,4,2,4,1,0,2,2
Niagara 64,Loyola Maryland 55,02,"02 Jones,Brooklyn",,14,0-1,0-0,0-0,1-2,3,2,1,2,0,1,0
Niagara 64,Loyola Maryland 55,20,"20 Dickerson,Marlie",,9,0-0,0-0,0-0,1-1,2,3,0,2,0,0,0
Niagara 64,Loyola Maryland 55,10,"10 Strong,Amelia",,1,0-0,0-0,0-0,0-0,0,0,0,1,0,0,0
Niagara 64,Loyola Maryland 55,TM,TM TEAM,,0,0-0,0-0,0-0,1-4,5,0,0,1,0,0,0
Loyola Maryland 55,Niagara 64,45,"45 Therien, Lex",*,35,5-12,0-0,6-7,3-17,20,1,1,7,2,2,16
Loyola Maryland 55,Niagara 64,10,"10 Sims, Koi",*,28,7-11,0-0,1-3,4-3,7,3,0,1,1,0,15
Loyola Maryland 55,Niagara 64,04,"04 Dixon, Taleah",*,28,2-9,1-3,2-4,0-4,4,1,2,2,0,2,7
Loyola Maryland 55,Niagara 64,22,"22 Rozzi, Bri",*,21,2-2,0-0,2-2,0-1,1,4,2,5,0,0,6
Loyola Maryland 55,Niagara 64,13,"13 Tañedo, Caramina",*,27,0-5,0-3,0-0,1-0,1,0,1,2,0,0,0
Loyola Maryland 55,Niagara 64,02,"02 Van-Otoo, Meliah",,20,3-6,0-1,0-2,1-1,2,3,2,5,0,0,6
Loyola Maryland 55,Niagara 64,01,"01 Ratigan, Kelly",,16,0-2,0-2,2-2,0-0,0,1,2,7,0,1,2
Loyola Maryland 55,Niagara 64,11,"11 Glezen, Emma",,15,1-1,0-0,0-0,0-0,0,2,1,1,1,0,2
Loyola Maryland 55,Niagara 64,35,"35 Therien, Ava",,2,0-0,0-0,1-2,0-0,0,1,0,0,0,0,1
Loyola Maryland 55,Niagara 64,12,"12 Garcia, Cristina",,8,0-2,0-1,0-0,0-0,0,1,1,2,0,0,0
Loyola Maryland 55,Niagara 64,TM,TM TEAM,,0,0-0,0-0,0-0,3-5,8,0,0,1,0,0,0
Loyola Maryland 50,Morgan State 59,45,"45 Therien, Lex",*,35,10-15,0-0,0-2,1-12,13,2,1,6,0,3,20
Loyola Maryland 50,Morgan State 59,04,"04 Dixon, Taleah",*,35,4-11,1-5,4-4,0-3,3,2,1,6,0,0,13
Loyola Maryland 50,Morgan State 59,10,"10 Sims, Koi",*,35,2-6,0-0,1-2,5-10,15,3,3,3,2,1,5
Loyola Maryland 50,Morgan State 59,02,"02 Van-Otoo, Meliah",*,25,1-4,0-1,1-2,0-2,2,4,4,4,0,1,3
Loyola Maryland 50,Morgan State 59,22,"22 Rozzi, Bri",*,10,0-2,0-0,0-0,0-2,2,1,0,2,0,0,0
Loyola Maryland 50,Morgan State 59,01,"01 Ratigan, Kelly",,19,2-5,2-4,0-0,1-0,1,0,1,1,0,0,6
Loyola Maryland 50,Morgan State 59,13,"13 Tañedo, Caramina",,23,1-3,1-3,0-0,0-2,2,1,0,2,0,0,3
Loyola Maryland 50,Morgan State 59,12,"12 Garcia, Cristina",,9,0-2,0-2,0-0,0-1,1,1,0,2,0,0,0
Loyola Maryland 50,Morgan State 59,11,"11 Glezen, Emma",,7,0-0,0-0,0-0,0-0,0,2,0,1,0,0,0
Loyola Maryland 50,Morgan State 59,35,"35 Therien, Ava",,2,0-1,0-0,0-0,0-0,0,0,1,0,0,0,0
Loyola Maryland 50,Morgan State 59,TM,TM TEAM,,0,0-0,0-0,0-0,2-5,7,0,0,0,0,0,0
Morgan State 59,Loyola Maryland 50,03,"03 HENSON,Ja'Niah",*,35,8-15,4-8,2-2,1-3,4,1,4,2,0,3,22
Morgan State 59,Loyola Maryland 50,21,"21 SHEPHERD,Charlene",*,26,4-17,1-2,10-10,2-4,6,4,2,2,0,3,19
Morgan State 59,Loyola Maryland 50,02,"02 JOHNSON,Gabrielle",*,24,2-6,0-1,0-1,0-3,3,1,2,0,0,0,4
Morgan State 59,Loyola Maryland 50,23,"23 BLACK,Fatima",*,19,2-3,0-0,0-0,0-3,3,3,0,1,0,2,4
Morgan State 59,Loyola Maryland 50,30,"30 ADDISON,Taylor",*,30,0-5,0-2,0-0,1-1,2,1,1,1,0,2,0
Morgan State 59,Loyola Maryland 50,10,"10 JONES,Emily",,22,3-5,1-3,0-0,0-0,0,2,1,2,0,1,7
Morgan State 59,Loyola Maryland 50,24,"24 McCRAE,Sunshine",,17,1-3,0-0,1-2,1-2,3,1,0,0,0,1,3
Morgan State 59,Loyola Maryland 50,11,"11 ODUAH,Vanessa",,10,0-1,0-1,0-0,0-0,0,3,1,0,0,1,0
Morgan State 59,Loyola Maryland 50,22,"22 BUTLER,Jael",,9,0-3,0-0,0-0,0-1,1,2,0,1,0,1,0
Morgan State 59,Loyola Maryland 50,00,"00 JOHNSON,Shianne",,8,0-2,0-1,0-0,0-1,1,0,0,0,0,0,0
Morgan State 59,Loyola Maryland 50,TM,TM TEAM,,0,0-0,0-0,0-0,0-2,2,0,0,0,0,0,0
UMBC 47,Loyola Maryland 61,23,"23 Dixon,Keelah",*,30,7-11,3-3,4-6,0-0,0,3,1,6,0,1,21
UMBC 47,Loyola Maryland 61,03,"03 McCalla,Ashia",*,40,5-13,2-6,1-2,0-5,5,3,2,1,0,3,13
UMBC 47,Loyola Maryland 61,01,"01 Bell,Kiara",*,30,2-8,0-0,1-1,2-7,9,2,1,5,2,1,5
UMBC 47,Loyola Maryland 61,11,"11 Smith,Shavonne",*,29,1-7,0-1,0-2,0-3,3,3,1,0,0,0,2
UMBC 47,Loyola Maryland 61,02,"02 Drake,Laycee",*,18,0-3,0-2,1-2,0-3,3,0,1,1,0,1,1
UMBC 47,Loyola Maryland 61,05,"05 Staples,Nia",,25,2-5,1-1,0-0,1-0,1,2,1,2,0,0,5
UMBC 47,Loyola Maryland 61,13,"13 Iradier,Paloma",,13,0-1,0-0,0-0,1-3,4,0,0,2,0,0,0
UMBC 47,Loyola Maryland 61,15,"15 Yanez,Carmen",,7,0-0,0-0,0-0,0-1,1,2,0,1,0,0,0
UMBC 47,Loyola Maryland 61,21,"21 May,Antonia",,5,0-0,0-0,0-0,0-0,0,2,0,0,0,0,0
UMBC 47,Loyola Maryland 61,14,"14 Turkstra,Maryama",,3,0-0,0-0,0-0,0-0,0,2,0,1,0,0,0
UMBC 47,Loyola Maryland 61,TM,TM TEAM,,0,0-0,0-0,0-0,2-2,4,0,0,0,0,0,0
Loyola Maryland 61,UMBC 47,45,"45 Therien, Lex",*,38,7-14,0-0,3-5,2-9,11,3,1,3,0,2,17
Loyola Maryland 61,UMBC 47,04,"04 Dixon, Taleah",*,30,4-10,1-3,2-2,3-7,10,2,2,3,0,1,11
Loyola Maryland 61,UMBC 47,22,"22 Rozzi, Bri",*,38,3-7,1-3,3-4,0-4,4,1,3,3,0,0,10
Loyola Maryland 61,UMBC 47,10,"10 Sims, Koi",*,14,3-5,0-0,0-0,3-1,4,3,1,3,1,1,6
Loyola Maryland 61,UMBC 47,02,"02 Van-Otoo, Meliah",*,16,0-3,0-1,0-0,0-1,1,1,1,0,0,1,0
Loyola Maryland 61,UMBC 47,23,"23 Espinal, Marta",,12,3-3,1-1,0-0,0-0,0,3,1,0,1,0,7
Loyola Maryland 61,UMBC 47,13,"13 Tañedo, Caramina",,28,1-5,0-2,3-5,0-1,1,0,1,3,0,0,5
Loyola Maryland 61,UMBC 47,01,"01 Ratigan, Kelly",,14,1-4,1-4,0-0,0-2,2,1,0,0,0,1,3
Loyola Maryland 61,UMBC 47,11,"11 Glezen, Emma",,7,0-0,0-0,2-2,0-0,0,4,0,1,0,0,2
Loyola Maryland 61,UMBC 47,35,"35 Therien, Ava",,3,0-2,0-0,0-0,1-0,1,0,0,0,0,0,0
Loyola Maryland 61,UMBC 47,TM,TM TEAM,,0,0-0,0-0,0-0,1-2,3,0,0,0,0,0,0
Monmouth 59,Loyola Maryland 61,03,"03 Coleman,Anaya",*,31,4-5,3-3,2-2,0-4,4,4,5,5,1,2,13
Monmouth 59,Loyola Maryland 61,10,"10 Tinsley,Brianna",*,34,3-8,1-5,2-2,0-4,4,0,4,4,0,1,9
Monmouth 59,Loyola Maryland 61,24,"24 Kranbuhl,Belle",*,21,4-5,0-0,0-0,1-1,2,3,2,1,2,0,8
Monmouth 59,Loyola Maryland 61,04,"04 Donovan,Kaci",*,18,2-5,2-3,0-0,2-2,4,0,1,3,1,0,6
Monmouth 59,Loyola Maryland 61,11,"11 Marsicano,Elizabeth",*,16,0-3,0-2,0-0,0-0,0,4,2,2,0,1,0
Monmouth 59,Loyola Maryland 61,25,"25 Thomas,Lucy",,24,6-8,1-2,1-4,1-5,6,3,0,1,1,0,14
Monmouth 59,Loyola Maryland 61,22,"22 Louro,Jen",,11,2-3,2-3,0-0,0-1,1,1,0,0,0,0,6
Monmouth 59,Loyola Maryland 61,20,"20 Hall,Jania",,5,1-1,0-0,1-2,0-0,0,0,0,0,0,0,3
Monmouth 59,Loyola Maryland 61,05,"05 Panayides,Antonia",,27,0-1,0-1,0-0,0-2,2,4,1,0,0,1,0
Monmouth 59,Loyola Maryland 61,15,"15 Carroll,Amiya",,13,0-4,0-2,0-0,0-4,4,1,0,1,0,1,0
Monmouth 59,Loyola Maryland 61,TM,TM TEAM,,0,0-0,0-0,0-0,0-1,1,0,0,1,0,0,0
Loyola Maryland 61,Monmouth 59,45,"45 Therien, Lex",*,36,7-14,0-1,5-6,0-9,9,2,0,1,0,3,19
Loyola Maryland 61,Monmouth 59,04,"04 Dixon, Taleah",*,34,4-13,3-7,3-4,0-1,1,3,2,5,0,2,14
Loyola Maryland 61,Monmouth 59,10,"10 Sims, Koi",*,31,5-12,0-0,0-3,6-3,9,0,3,0,0,1,10
Loyola Maryland 61,Monmouth 59,22,"22 Rozzi, Bri",*,35,1-7,1-4,0-0,1-0,1,3,3,2,0,1,3
Loyola Maryland 61,Monmouth 59,02,"02 Van-Otoo, Meliah",*,6,0-1,0-0,0-0,0-0,0,0,0,1,0,0,0
Loyola Maryland 61,Monmouth 59,13,"13 Tañedo, Caramina",,35,3-7,2-4,3-3,3-0,3,1,2,1,0,1,11
Loyola Maryland 61,Monmouth 59,11,"11 Glezen, Emma",,8,0-0,0-0,2-2,2-0,2,0,1,0,0,1,2
Loyola Maryland 61,Monmouth 59,12,"12 Garcia, Cristina",,8,1-1,0-0,0-0,1-0,1,2,0,0,0,0,2
Loyola Maryland 61,Monmouth 59,01,"01 Ratigan, Kelly",,4,0-2,0-2,0-0,0-0,0,0,0,1,0,0,0
Loyola Maryland 61,Monmouth 59,23,"23 Espinal, Marta",,3,0-0,0-0,0-0,0-1,1,0,0,1,0,0,0
Loyola Maryland 61,Monmouth 59,TM,TM TEAM,,0,0-0,0-0,0-0,2-3,5,0,0,0,0,0,0
Loyola Maryland 58,George Mason 66,04,"04 Dixon, Taleah",*,35,10-17,2-4,6-6,0-1,1,3,0,3,0,4,28
Loyola Maryland 58,George Mason 66,45,"45 Therien, Lex",*,30,5-13,0-1,3-3,4-4,8,4,1,2,0,1,13
Loyola Maryland 58,George Mason 66,22,"22 Rozzi, Bri",*,37,3-8,1-3,0-0,1-1,2,1,0,0,0,1,7
Loyola Maryland 58,George Mason 66,02,"02 Van-Otoo, Meliah",*,12,1-3,0-0,1-2,0-0,0,1,1,1,0,0,3
Loyola Maryland 58,George Mason 66,10,"10 Sims, Koi",*,24,1-5,0-0,0-0,2-5,7,5,1,3,1,1,2
Loyola Maryland 58,George Mason 66,12,"12 Garcia, Cristina",,6,0-0,0-0,3-4,0-0,0,3,0,0,0,0,3
Loyola Maryland 58,George Mason 66,23,"23 Espinal, Marta",,14,1-1,0-0,0-0,1-2,3,2,1,1,0,0,2
Loyola Maryland 58,George Mason 66,13,"13 Tañedo, Caramina",,26,0-3,0-1,0-0,1-2,3,0,1,0,0,0,0
Loyola Maryland 58,George Mason 66,11,"11 Glezen, Emma",,11,0-0,0-0,0-0,0-1,1,4,0,3,0,0,0
Loyola Maryland 58,George Mason 66,01,"01 Ratigan, Kelly",,5,0-1,0-1,0-0,0-0,0,0,0,0,0,0,0
Loyola Maryland 58,George Mason 66,TM,TM TEAM,,0,0-0,0-0,0-0,2-0,2,0,0,1,0,0,0
George Mason 66,Loyola Maryland 58,00,"00 Jameson,Taylor",*,37,6-11,3-7,4-6,1-1,2,2,1,2,0,1,19
George Mason 66,Loyola Maryland 58,42,"42 Kaysia,Nalani",*,32,5-8,0-0,0-4,0-6,6,1,0,3,2,0,10
George Mason 66,Loyola Maryland 58,15,"15 Ephraim,J-Naya",*,23,0-2,0-0,5-6,3-2,5,1,1,1,0,0,5
George Mason 66,Loyola Maryland 58,25,"25 Childs,Riley",*,24,1-3,1-2,1-2,1-3,4,4,2,1,2,2,4
George Mason 66,Loyola Maryland 58,04,"04 Smith,Sonia",*,27,1-5,0-0,1-2,1-2,3,3,4,4,0,0,3
George Mason 66,Loyola Maryland 58,02,"02 Lawhorne,Tamia",,21,5-8,4-6,3-4,1-1,2,0,1,2,0,0,17
George Mason 66,Loyola Maryland 58,01,"01 Doster,Jazmyn",,10,1-2,0-0,2-6,2-4,6,4,0,0,3,0,4
George Mason 66,Loyola Maryland 58,14,"14 Suarez,Paula",,19,1-1,0-0,0-0,0-0,0,1,3,1,0,1,2
George Mason 66,Loyola Maryland 58,23,"23 Mitchell,Nekhu",,7,1-1,0-0,0-0,1-1,2,1,0,0,0,0,2
George Mason 66,Loyola Maryland 58,TM,TM TEAM,,0,0-0,0-0,0-0,2-0,2,0,0,3,0,0,0
Loyola Maryland 69,Bryant 64,45,"45 Therien, Lex",*,22,5-11,0-1,6-8,4-6,10,4,0,2,0,1,16
Loyola Maryland 69,Bryant 64,04,"04 Dixon, Taleah",*,34,4-14,2-6,4-6,0-0,0,1,1,1,0,2,14
Loyola Maryland 69,Bryant 64,22,"22 Rozzi, Bri",*,31,4-11,2-7,4-4,0-0,0,2,5,0,0,1,14
Loyola Maryland 69,Bryant 64,13,"13 Tañedo, Caramina",*,35,4-5,4-5,0-0,1-1,2,1,2,3,0,3,12
Loyola Maryland 69,Bryant 64,10,"10 Sims, Koi",*,33,2-9,0-0,1-2,3-9,12,1,2,2,0,3,5
Loyola Maryland 69,Bryant 64,01,"01 Ratigan, Kelly",,7,1-1,1-1,0-0,0-0,0,0,0,1,0,0,3
Loyola Maryland 69,Bryant 64,11,"11 Glezen, Emma",,14,1-1,0-0,0-0,1-2,3,2,3,0,0,0,2
Loyola Maryland 69,Bryant 64,23,"23 Espinal, Marta",,9,1-1,0-0,0-0,3-0,3,3,2,1,0,0,2
Loyola Maryland 69,Bryant 64,12,"12 Garcia, Cristina",,14,0-2,0-0,1-5,0-1,1,0,0,0,0,0,1
Loyola Maryland 69,Bryant 64,02,"02 Van-Otoo, Meliah",,1,0-0,0-0,0-0,0-0,0,0,0,1,0,0,0
Loyola Maryland 69,Bryant 64,TM,TM TEAM,,0,0-0,0-0,0-0,2-0,2,0,0,0,0,0,0
Bryant 64,Loyola Maryland 69,05,"05 Planes Fortuny,Mariona",*,24,7-10,0-0,1-2,3-2,5,4,0,2,2,0,15
Bryant 64,Loyola Maryland 69,24,"24 Bodziony,Megan",*,29,5-13,0-1,0-0,0-4,4,4,2,4,0,0,10
Bryant 64,Loyola Maryland 69,04,"04 Castagne,Lucie",*,35,4-7,1-1,0-0,0-2,2,1,0,1,0,1,9
Bryant 64,Loyola Maryland 69,21,"21 Gallagher,Nicole",*,31,3-6,2-4,0-0,2-2,4,4,3,4,0,1,8
Bryant 64,Loyola Maryland 69,33,"33 Martinez,Marta Neira",*,18,1-4,0-0,0-0,0-2,2,4,1,2,0,0,2
Bryant 64,Loyola Maryland 69,10,"10 Reynolds,Kemari",,19,3-5,0-0,2-4,1-1,2,3,0,3,0,2,8
Bryant 64,Loyola Maryland 69,15,"15 Kiefer,Dana",,22,2-4,1-2,1-2,3-4,7,0,0,1,1,1,6
Bryant 64,Loyola Maryland 69,13,"13 Berens,Jessica",,16,1-3,0-0,4-4,1-0,1,1,1,0,0,1,6
Bryant 64,Loyola Maryland 69,00,"00 Perkins,Alana",,6,0-2,0-2,0-0,0-1,1,0,0,1,0,0,0
Bryant 64,Loyola Maryland 69,TM,TM TEAM,,0,0-0,0-0,0-0,2-3,5,0,0,0,0,0,0
Delaware St. 51,Loyola Maryland 60,03,"03 Moragne,Alexis",*,36,4-8,2-3,3-6,0-3,3,4,1,3,0,0,13
Delaware St. 51,Loyola Maryland 60,01,"01 Wilson,Denijsha",*,38,4-7,0-0,4-4,0-1,1,3,2,7,0,2,12
Delaware St. 51,Loyola Maryland 60,23,"23 Brooks,Savannah",*,39,3-12,1-2,4-6,1-1,2,2,0,3,0,0,11
Delaware St. 51,Loyola Maryland 60,22,"22 Tollie,Tyshonne",*,29,4-5,0-0,2-2,2-1,3,2,1,4,0,4,10
Delaware St. 51,Loyola Maryland 60,10,"10 Martino,Jessica",*,30,0-1,0-0,3-4,1-5,6,3,0,2,1,0,3
Delaware St. 51,Loyola Maryland 60,02,"02 Zulueta,Noami",,17,1-1,0-0,0-0,0-1,1,3,1,1,1,1,2
Delaware St. 51,Loyola Maryland 60,20,"20 Watkins,Sydney",,6,0-1,0-1,0-0,0-0,0,1,0,0,0,0,0
Delaware St. 51,Loyola Maryland 60,11,"11 Dodson,Breionna",,4,0-1,0-0,0-0,0-0,0,0,0,0,0,0,0
Delaware St. 51,Loyola Maryland 60,04,"04 Thompson,Deyonce",,1,0-1,0-1,0-0,0-1,1,1,0,0,0,0,0
Delaware St. 51,Loyola Maryland 60,TM,TM TEAM,,0,0-0,0-0,0-0,2-2,4,0,0,2,0,0,0
Loyola Maryland 60,Delaware St. 51,04,"04 Dixon, Taleah",*,32,10-15,5-7,1-1,0-0,0,0,2,3,0,2,26
Loyola Maryland 60,Delaware St. 51,22,"22 Rozzi, Bri",*,24,2-4,1-1,2-2,0-2,2,4,0,1,0,1,7
Loyola Maryland 60,Delaware St. 51,45,"45 Therien, Lex",*,21,3-10,0-0,0-0,2-2,4,5,0,5,0,1,6
Loyola Maryland 60,Delaware St. 51,10,"10 Sims, Koi",*,30,2-6,0-0,0-0,4-6,10,1,3,3,0,2,4
Loyola Maryland 60,Delaware St. 51,13,"13 Tañedo, Caramina",*,19,0-3,0-2,0-0,0-2,2,0,0,1,0,0,0
Loyola Maryland 60,Delaware St. 51,02,"02 Van-Otoo, Meliah",,19,3-5,0-1,1-2,0-2,2,2,3,2,1,4,7
Loyola Maryland 60,Delaware St. 51,12,"12 Garcia, Cristina",,28,1-3,0-1,2-2,2-2,4,3,3,2,0,0,4
Loyola Maryland 60,Delaware St. 51,11,"11 Glezen, Emma",,15,2-2,0-0,0-0,1-0,1,5,0,1,0,0,4
Loyola Maryland 60,Delaware St. 51,23,"23 Espinal, Marta",,12,1-1,0-0,0-0,0-0,0,2,0,3,1,0,2
Loyola Maryland 60,Delaware St. 51,TM,TM TEAM,,0,0-0,0-0,0-0,0-2,2,0,0,0,0,0,0
Toledo 62,Loyola Maryland 40,05,"05 Lockett,Quinesha",*,29,7-11,3-4,0-0,0-1,1,1,5,1,0,1,17
Toledo 62,Loyola Maryland 40,34,"34 Cook,Jessica",*,16,4-6,0-0,2-2,2-5,7,2,0,3,0,0,10
Toledo 62,Loyola Maryland 40,33,"33 Mikonowicz,Sammi",*,31,3-9,1-2,1-2,4-4,8,3,3,2,0,0,8
Toledo 62,Loyola Maryland 40,22,"22 Goss,Khera",*,26,1-5,0-2,0-0,1-1,2,3,0,1,0,0,2
Toledo 62,Loyola Maryland 40,02,"02 Wiard,Sophia",*,27,0-5,0-3,0-0,0-3,3,2,5,1,1,1,0
Toledo 62,Loyola Maryland 40,10,"10 King,Justina",,14,3-3,1-1,2-2,0-1,1,1,2,0,0,1,9
Toledo 62,Loyola Maryland 40,12,"12 Jansen,Jayda",,19,3-4,2-2,0-0,1-1,2,2,1,1,0,0,8
Toledo 62,Loyola Maryland 40,13,"13 Brewer,Lonasia",,5,2-3,0-0,1-2,0-1,1,2,0,2,1,0,5
Toledo 62,Loyola Maryland 40,01,"01 Garcia,Nan",,18,0-5,0-1,3-4,0-3,3,1,0,1,1,0,3
Toledo 62,Loyola Maryland 40,24,"24 Curry,Yaniah",,10,0-2,0-0,0-0,0-0,0,0,0,0,0,0,0
Toledo 62,Loyola Maryland 40,04,"04 Barnes,Soleil",,5,0-0,0-0,0-0,0-0,0,0,0,0,0,0,0
Toledo 62,Loyola Maryland 40,TM,TM TEAM,,0,0-0,0-0,0-0,0-2,2,0,0,0,0,0,0
Loyola Maryland 40,Toledo 62,45,"45 Therien, Lex",*,30,6-14,0-1,0-1,3-7,10,4,1,4,0,1,12
Loyola Maryland 40,Toledo 62,22,"22 Rozzi, Bri",*,31,2-8,1-4,3-4,0-3,3,3,2,2,0,0,8
Loyola Maryland 40,Toledo 62,10,"10 Sims, Koi",*,29,3-5,0-0,0-0,2-7,9,3,1,6,1,0,6
Loyola Maryland 40,Toledo 62,13,"13 Tañedo, Caramina",*,30,1-5,1-3,0-0,0-2,2,1,0,2,0,0,3
Loyola Maryland 40,Toledo 62,12,"12 Garcia, Cristina",*,22,1-6,0-1,1-2,3-1,4,2,2,1,0,2,3
Loyola Maryland 40,Toledo 62,02,"02 Van-Otoo, Meliah",,22,1-3,0-1,3-4,0-0,0,2,0,2,0,0,5
Loyola Maryland 40,Toledo 62,01,"01 Ratigan, Kelly",,17,1-5,1-3,0-0,0-2,2,1,1,2,0,0,3
Loyola Maryland 40,Toledo 62,23,"23 Espinal, Marta",,10,0-0,0-0,0-0,0-1,1,0,0,0,0,0,0
Loyola Maryland 40,Toledo 62,11,"11 Glezen, Emma",,9,0-0,0-0,0-0,0-0,0,3,0,1,0,0,0
Loyola Maryland 40,Toledo 62,TM,TM TEAM,,0,0-0,0-0,0-0,1-1,2,0,0,2,0,0,0
Loyola Maryland 66,Mount St. Mary's 73,04,"04 Dixon, Taleah",*,34,7-12,3-4,1-2,0-0,0,3,4,3,0,1,18
Loyola Maryland 66,Mount St. Mary's 73,45,"45 Therien, Lex",*,35,8-14,0-0,0-0,3-7,10,0,3,4,1,1,16
Loyola Maryland 66,Mount St. Mary's 73,22,"22 Rozzi, Bri",*,32,5-10,2-6,0-0,0-3,3,4,4,6,0,0,12
Loyola Maryland 66,Mount St. Mary's 73,10,"10 Sims, Koi",*,29,4-7,0-0,3-5,4-3,7,0,3,3,0,0,11
Loyola Maryland 66,Mount St. Mary's 73,13,"13 Tañedo, Caramina",*,32,2-3,2-3,0-0,0-2,2,2,1,1,0,1,6
Loyola Maryland 66,Mount St. Mary's 73,02,"02 Van-Otoo, Meliah",,20,1-1,0-0,1-2,0-1,1,3,2,3,0,1,3
Loyola Maryland 66,Mount St. Mary's 73,01,"01 Ratigan, Kelly",,5,0-1,0-0,0-0,0-0,0,0,0,1,0,0,0
Loyola Maryland 66,Mount St. Mary's 73,11,"11 Glezen, Emma",,5,0-2,0-0,0-0,0-0,0,0,0,1,0,0,0
Loyola Maryland 66,Mount St. Mary's 73,23,"23 Espinal, Marta",,5,0-0,0-0,0-0,0-1,1,2,0,0,0,0,0
Loyola Maryland 66,Mount St. Mary's 73,12,"12 Garcia, Cristina",,3,0-0,0-0,0-0,0-0,0,0,0,0,0,0,0
Loyola Maryland 66,Mount St. Mary's 73,TM,TM TEAM,,0,0-0,0-0,0-0,2-4,6,0,0,1,0,0,0
Mount St. Mary's 73,Loyola Maryland 66,10,"10 Harrison,Michaela",*,34,6-16,3-10,4-4,0-1,1,2,1,4,0,0,19
Mount St. Mary's 73,Loyola Maryland 66,43,"43 Villaflor,Natalie",*,33,6-9,0-0,2-2,1-2,3,1,3,2,1,3,14
Mount St. Mary's 73,Loyola Maryland 66,22,"22 Tomasetti,Jessica",*,36,5-9,0-2,3-3,1-5,6,2,3,0,0,1,13
Mount St. Mary's 73,Loyola Maryland 66,00,"00 Hunt,Isabella",*,35,4-8,0-0,2-2,5-2,7,4,3,2,0,7,10
Mount St. Mary's 73,Loyola Maryland 66,04,"04 Raflo,Jo",*,29,4-12,1-5,1-2,1-1,2,2,2,1,1,0,10
Mount St. Mary's 73,Loyola Maryland 66,15,"15 Lindsay-Huskey,Jasmine",,20,1-4,1-2,2-2,1-0,1,3,0,0,0,0,5
Mount St. Mary's 73,Loyola Maryland 66,25,"25 Dunham,Carissa",,7,1-1,0-0,0-0,0-0,0,2,0,0,0,0,2
Mount St. Mary's 73,Loyola Maryland 66,03,"03 Matheny,McKenzie",,6,0-0,0-0,0-0,0-0,0,1,0,0,0,0,0
Mount St. Mary's 73,Loyola Maryland 66,TM,TM TEAM,,0,0-0,0-0,0-0,2-3,5,0,0,0,0,0,0
Loyola Maryland 42,Pittsburgh 78,04,"04 Dixon, Taleah",*,25,3-17,3-10,7-8,1-1,2,2,1,4,0,3,16
Loyola Maryland 42,Pittsburgh 78,01,"01 Ratigan, Kelly",*,30,2-13,2-9,2-2,0-1,1,1,0,3,0,1,8
Loyola Maryland 42,Pittsburgh 78,45,"45 Therien, Lex",*,25,2-9,0-0,3-4,4-4,8,4,0,3,0,1,7
Loyola Maryland 42,Pittsburgh 78,10,"10 Sims, Koi",*,26,2-6,0-0,1-2,5-5,10,0,1,2,1,2,5
Loyola Maryland 42,Pittsburgh 78,22,"22 Rozzi, Bri",*,17,0-3,0-1,0-0,0-1,1,1,1,1,0,0,0
Loyola Maryland 42,Pittsburgh 78,02,"02 Van-Otoo, Meliah",,15,1-2,1-1,1-2,3-1,4,1,1,4,0,1,4
Loyola Maryland 42,Pittsburgh 78,12,"12 Garcia, Cristina",,18,0-3,0-0,1-2,3-0,3,3,0,1,0,1,1
Loyola Maryland 42,Pittsburgh 78,35,"35 Therien, Ava",,5,0-0,0-0,1-2,1-0,1,0,0,1,0,0,1
Loyola Maryland 42,Pittsburgh 78,23,"23 Espinal, Marta",,21,0-1,0-0,0-0,0-3,3,1,3,2,0,1,0
Loyola Maryland 42,Pittsburgh 78,13,"13 Tañedo, Caramina",,16,0-2,0-2,0-0,2-1,3,2,1,0,0,1,0
Loyola Maryland 42,Pittsburgh 78,21,"21 Orza, Caroline",,2,0-0,0-0,0-0,0-0,0,0,0,0,0,0,0
Loyola Maryland 42,Pittsburgh 78,TM,TM TEAM,,0,0-0,0-0,0-0,2-1,3,0,0,2,0,0,0
Pittsburgh 78,Loyola Maryland 42,01,"01 Harris,Dayshanette",*,16,4-5,1-1,1-2,0-2,2,1,1,2,0,4,10
Pittsburgh 78,Loyola Maryland 42,02,"02 King,Liatu",*,17,3-8,0-0,3-6,2-2,4,3,0,0,0,1,9
Pittsburgh 78,Loyola Maryland 42,04,"04 Hayford,Emy",*,10,3-3,1-1,0-0,1-1,2,4,3,2,0,0,7
Pittsburgh 78,Loyola Maryland 42,05,"05 Brown,Amber",*,23,2-4,0-0,0-0,0-2,2,0,0,0,0,2,4
Pittsburgh 78,Loyola Maryland 42,11,"11 Washenitz,Marley",*,25,1-6,0-4,0-0,1-3,4,3,5,4,2,1,2
Pittsburgh 78,Loyola Maryland 42,23,"23 Strickland,Avery",,21,7-8,3-4,0-0,1-1,2,3,1,1,0,2,17
Pittsburgh 78,Loyola Maryland 42,22,"22 Hutcherson,Gabby",,22,5-9,2-3,0-0,1-4,5,2,2,2,1,0,12
Pittsburgh 78,Loyola Maryland 42,03,"03 Exanor,Taisha",,19,3-4,0-1,0-0,2-2,4,3,0,2,0,1,6
Pittsburgh 78,Loyola Maryland 42,21,"21 Johnson,Maliyah",,14,2-6,1-3,0-0,0-0,0,1,3,2,0,1,5
Pittsburgh 78,Loyola Maryland 42,13,"13 Strother,Destiny",,6,1-2,1-1,0-0,0-0,0,0,0,0,0,1,3
Pittsburgh 78,Loyola Maryland 42,00,"00 Clesca,Sandrine",,5,1-1,0-0,1-1,1-1,2,1,1,0,0,0,3
Pittsburgh 78,Loyola Maryland 42,12,"12 Malcolm,Aislin",,12,0-2,0-2,0-0,0-4,4,2,1,1,0,0,0
Pittsburgh 78,Loyola Maryland 42,10,"10 Lewis,Channise",,10,0-1,0-1,0-0,0-0,0,0,2,2,0,0,0
Pittsburgh 78,Loyola Maryland 42,TM,TM TEAM,,0,0-0,0-0,0-0,2-4,6,0,0,0,0,0,0
Hofstra 61,Loyola Maryland 62,04,"04 Nicholson,Rosi",*,36,6-6,1-1,4-4,2-4,6,1,3,5,1,1,17
Hofstra 61,Loyola Maryland 62,13,"13 Swint,Zyheima",*,36,7-9,0-0,0-2,2-7,9,4,0,4,3,0,14
Hofstra 61,Loyola Maryland 62,15,"15 Thomas,Brandy",*,34,2-11,0-3,4-4,1-7,8,3,4,5,0,1,8
Hofstra 61,Loyola Maryland 62,22,"22 Knights,Ally",*,35,1-10,0-6,2-2,0-2,2,4,3,3,1,4,4
Hofstra 61,Loyola Maryland 62,02,"02 Von Essen,Emma",*,16,0-3,0-2,0-0,0-0,0,0,2,2,0,2,0
Hofstra 61,Loyola Maryland 62,03,"03 Ineza,Sorelle",,33,4-8,3-6,2-2,0-4,4,1,2,1,0,0,13
Hofstra 61,Loyola Maryland 62,12,"12 Fargo,Janaia",,21,0-0,0-0,3-4,0-4,4,3,0,1,0,0,3
Hofstra 61,Loyola Maryland 62,25,"25 Ross-Barnes,Zaniyyah",,7,1-2,0-0,0-0,0-0,0,2,0,1,1,0,2
Hofstra 61,Loyola Maryland 62,10,"10 Gooden,Alarice",,4,0-0,0-0,0-0,0-1,1,3,1,0,0,0,0
Hofstra 61,Loyola Maryland 62,05,"05 Peacock,Jada",,2,0-0,0-0,0-0,0-0,0,0,0,0,0,0,0
Hofstra 61,Loyola Maryland 62,00,"00 Joseph-Bernard,Kayley",,1,0-0,0-0,0-0,0-0,0,0,0,0,0,0,0
Hofstra 61,Loyola Maryland 62,TM,TM TEAM,,0,0-0,0-0,0-0,1-3,4,0,0,1,0,0,0
Loyola Maryland 62,Hofstra 61,04,"04 Dixon, Taleah",*,41,5-18,3-6,8-8,0-3,3,4,2,1,0,1,21
Loyola Maryland 62,Hofstra 61,22,"22 Rozzi, Bri",*,40,3-9,1-4,4-5,0-3,3,2,4,3,0,3,11
Loyola Maryland 62,Hofstra 61,45,"45 Therien, Lex",*,32,4-12,0-1,1-5,5-3,8,4,2,2,0,4,9
Loyola Maryland 62,Hofstra 61,01,"01 Ratigan, Kelly",*,26,3-7,1-4,0-0,0-2,2,2,0,0,0,0,7
Loyola Maryland 62,Hofstra 61,10,"10 Sims, Koi",*,29,2-8,0-1,0-0,2-3,5,3,1,1,1,2,4
Loyola Maryland 62,Hofstra 61,13,"13 Tañedo, Caramina",,26,2-3,0-1,0-2,3-2,5,0,0,1,0,3,4
Loyola Maryland 62,Hofstra 61,02,"02 Van-Otoo, Meliah",,6,0-0,0-0,3-3,0-1,1,1,1,0,0,0,3
Loyola Maryland 62,Hofstra 61,15,"15 Salmerón, Laura",,13,0-3,0-3,2-2,0-3,3,1,0,2,0,1,2
Loyola Maryland 62,Hofstra 61,23,"23 Espinal, Marta",,11,0-1,0-1,1-2,1-0,1,2,1,2,0,0,1
Loyola Maryland 62,Hofstra 61,12,"12 Garcia, Cristina",,1,0-0,0-0,0-0,0-0,0,1,0,1,0,0,0
Loyola Maryland 62,Hofstra 61,35,"35 Therien, Ava",,0+,0-0,0-0,0-0,0-0,0,0,0,0,0,0,0
Loyola Maryland 62,Hofstra 61,TM,TM TEAM,,0,0-0,0-0,0-0,1-3,4,0,0,3,0,0,0
Loyola Maryland 61,Colgate 56,45,"45 Therien, Lex",*,35,7-10,1-1,3-5,2-8,10,2,1,2,0,1,18
Loyola Maryland 61,Colgate 56,04,"04 Dixon, Taleah",*,39,4-12,0-3,4-4,0-0,0,1,4,3,0,4,12
Loyola Maryland 61,Colgate 56,10,"10 Sims, Koi",*,31,5-7,0-0,1-1,4-6,10,1,0,1,1,1,11
Loyola Maryland 61,Colgate 56,01,"01 Ratigan, Kelly",*,35,1-5,1-4,0-0,0-0,0,3,3,0,0,1,3
Loyola Maryland 61,Colgate 56,15,"15 Salmerón, Laura",*,29,0-3,0-3,0-0,0-2,2,1,4,4,0,0,0
Loyola Maryland 61,Colgate 56,05,"05 Newman, Devyne",,27,7-11,0-1,0-0,2-2,4,0,3,1,0,0,14
Loyola Maryland 61,Colgate 56,12,"12 Garcia, Cristina",,8,1-2,0-0,0-0,0-1,1,0,0,1,0,0,2
Loyola Maryland 61,Colgate 56,02,"02 Van-Otoo, Meliah",,11,0-1,0-1,1-2,0-0,0,2,0,2,0,0,1
Loyola Maryland 61,Colgate 56,11,"11 Glezen, Emma",,7,0-1,0-1,0-0,0-2,2,1,0,0,0,0,0
Loyola Maryland 61,Colgate 56,23,"23 Espinal, Marta",,3,0-0,0-0,0-0,0-1,1,0,0,0,0,0,0
Loyola Maryland 61,Colgate 56,TM,TM TEAM,,0,0-0,0-0,0-0,1-1,2,0,0,0,0,0,0
Colgate 56,Loyola Maryland 61,03,"03 Brodie,Alexa",*,39,5-9,1-3,2-3,1-0,1,2,3,2,0,1,13
Colgate 56,Loyola Maryland 61,20,"20 Paul,Jenna",*,23,5-9,3-7,0-0,0-0,0,0,1,1,0,0,13
Colgate 56,Loyola Maryland 61,11,"11 McMillan,Tiasia",*,34,6-8,0-0,0-0,4-3,7,2,0,5,0,0,12
Colgate 56,Loyola Maryland 61,05,"05 Golembiewski,Taylor",*,28,1-8,0-5,0-0,1-0,1,4,7,2,0,1,2
Colgate 56,Loyola Maryland 61,04,"04 Schiller,Madison",*,36,0-3,0-1,0-0,1-1,2,3,1,1,0,2,0
Colgate 56,Loyola Maryland 61,13,"13 Diehl,Sophia",,20,4-10,1-5,2-2,1-4,5,2,0,2,0,1,11
Colgate 56,Loyola Maryland 61,01,"01 McMahon,Morgan",,26,1-9,1-2,0-0,1-1,2,3,3,1,0,0,3
Colgate 56,Loyola Maryland 61,14,"14 Parks,Nicole",,4,1-1,0-0,0-0,2-1,3,1,0,0,0,0,2
Colgate 56,Loyola Maryland 61,02,"02 Midgette,Christina",,8,0-2,0-0,0-0,1-1,2,0,1,1,1,0,0
Colgate 56,Loyola Maryland 61,41,"41 Ferguson,Abbey",,7,0-1,0-0,0-0,0-1,1,0,0,0,0,0,0
Colgate 56,Loyola Maryland 61,TM,TM TEAM,,0,0-0,0-0,0-0,2-7,9,0,0,1,0,0,0
American 52,Loyola Maryland 37,44,"44 Johns,Emily",*,36,7-12,0-1,0-3,1-4,5,3,2,2,1,0,14
American 52,Loyola Maryland 37,15,"15 DeRubbo,Riley",*,25,1-9,1-3,6-6,1-1,2,2,1,4,0,3,9
American 52,Loyola Maryland 37,05,"05 Stetson,Sadie",*,30,3-6,2-4,0-0,0-2,2,1,2,0,1,1,8
American 52,Loyola Maryland 37,23,"23 Stack,Lauren",*,32,2-6,0-0,3-5,0-4,4,5,0,5,0,3,7
American 52,Loyola Maryland 37,02,"02 Bales,Ivy",*,27,2-3,0-1,0-0,1-7,8,3,4,5,1,4,4
American 52,Loyola Maryland 37,13,"13 Henning,Kayla",,27,3-6,0-0,2-2,0-0,0,1,3,1,0,0,8
American 52,Loyola Maryland 37,55,"55 Lavin,Molly",,10,1-1,0-0,0-0,1-0,1,1,0,1,1,0,2
American 52,Loyola Maryland 37,03,"03 Garbee,Bailey",,6,0-0,0-0,0-0,1-0,1,0,0,1,0,0,0
American 52,Loyola Maryland 37,10,"10 LeMaster,Anna",,6,0-1,0-1,0-0,0-1,1,0,0,0,0,0,0
American 52,Loyola Maryland 37,01,"01 Rescifina,Anna",,1,0-0,0-0,0-0,0-0,0,0,0,1,0,0,0
American 52,Loyola Maryland 37,TM,TM TEAM,,0,0-0,0-0,0-0,2-3,5,0,0,0,0,0,0
Loyola Maryland 37,American 52,10,"10 Sims, Koi",*,28,4-8,0-0,0-0,6-5,11,0,1,4,2,0,8
Loyola Maryland 37,American 52,01,"01 Ratigan, Kelly",*,32,2-6,2-6,0-0,1-2,3,3,0,3,1,1,6
Loyola Maryland 37,American 52,04,"04 Dixon, Taleah",*,28,2-11,1-5,1-2,0-3,3,4,1,3,1,2,6
Loyola Maryland 37,American 52,45,"45 Therien, Lex",*,20,2-7,0-0,0-0,3-3,6,4,0,3,0,2,4
Loyola Maryland 37,American 52,15,"15 Salmerón, Laura",*,20,1-4,1-2,0-0,0-0,0,0,3,3,0,0,3
Loyola Maryland 37,American 52,05,"05 Newman, Devyne",,25,4-11,0-1,0-0,0-5,5,0,1,2,0,2,8
Loyola Maryland 37,American 52,23,"23 Espinal, Marta",,12,1-2,0-1,0-2,0-0,0,2,1,0,0,1,2
Loyola Maryland 37,American 52,13,"13 Tañedo, Caramina",,16,0-2,0-2,0-0,0-1,1,0,0,1,0,1,0
Loyola Maryland 37,American 52,02,"02 Van-Otoo, Meliah",,12,0-0,0-0,0-0,1-1,2,2,3,2,0,0,0
Loyola Maryland 37,American 52,12,"12 Garcia, Cristina",,4,0-0,0-0,0-0,0-1,1,0,0,2,0,1,0
Loyola Maryland 37,American 52,11,"11 Glezen, Emma",,3,0-1,0-0,0-0,1-0,1,0,0,0,0,0,0
Loyola Maryland 37,American 52,TM,TM TEAM,,0,0-0,0-0,0-0,2-0,2,0,0,1,0,0,0
Loyola Maryland 67,Army West Point 48,04,"04 Dixon, Taleah",*,33,8-12,2-3,2-2,0-3,3,1,4,3,0,0,20
Loyola Maryland 67,Army West Point 48,45,"45 Therien, Lex",*,36,7-13,0-0,1-4,2-5,7,1,2,7,0,0,15
Loyola Maryland 67,Army West Point 48,10,"10 Sims, Koi",*,28,6-8,0-0,2-3,2-3,5,1,3,1,1,0,14
Loyola Maryland 67,Army West Point 48,15,"15 Salmerón, Laura",*,26,2-6,1-2,0-0,0-3,3,2,0,2,0,2,5
Loyola Maryland 67,Army West Point 48,01,"01 Ratigan, Kelly",*,28,1-1,0-0,0-0,1-1,2,2,1,1,0,0,2
Loyola Maryland 67,Army West Point 48,13,"13 Tañedo, Caramina",,23,1-2,1-2,2-2,0-1,1,1,2,1,0,1,5
Loyola Maryland 67,Army West Point 48,05,"05 Newman, Devyne",,17,2-3,0-0,0-0,1-1,2,2,2,1,0,0,4
Loyola Maryland 67,Army West Point 48,02,"02 Van-Otoo, Meliah",,7,1-1,0-0,0-0,0-0,0,2,1,0,0,0,2
Loyola Maryland 67,Army West Point 48,12,"12 Garcia, Cristina",,2,0-0,0-0,0-0,0-0,0,0,0,0,0,0,0
Loyola Maryland 67,Army West Point 48,TM,TM TEAM,,0,0-0,0-0,0-0,1-9,10,0,0,1,0,0,0
Army West Point 48,Loyola Maryland 67,11,"11 Hunter,Sabria",*,23,5-8,0-0,3-3,2-3,5,4,1,1,0,1,13
Army West Point 48,Loyola Maryland 67,34,"34 Lithgow,Lauren",*,24,2-6,2-5,2-2,0-1,1,1,0,1,0,0,8
Army West Point 48,Loyola Maryland 67,02,"02 McNaughton,Sam",*,31,2-10,0-3,0-0,0-0,0,0,2,3,0,1,4
Army West Point 48,Loyola Maryland 67,14,"14 Brown,Hope",*,27,2-7,0-3,0-0,3-4,7,1,2,1,0,0,4
Army West Point 48,Loyola Maryland 67,12,"12 Kearney,Vasana",*,9,0-2,0-1,0-0,0-0,0,3,0,0,0,0,0
Army West Point 48,Loyola Maryland 67,04,"04 Hall,Kamryn",,30,4-7,1-1,0-1,0-1,1,1,4,0,1,1,9
Army West Point 48,Loyola Maryland 67,03,"03 Rhine,Natalie",,28,3-5,2-4,0-0,1-1,2,1,0,1,0,0,8
Army West Point 48,Loyola Maryland 67,13,"13 Hardy,Trinity",,11,1-2,0-0,0-0,0-1,1,0,0,2,0,1,2
Army West Point 48,Loyola Maryland 67,21,"21 Ericson,Reese",,17,0-4,0-4,0-0,0-1,1,3,2,3,0,0,0
Army West Point 48,Loyola Maryland 67,TM,TM TEAM,,0,0-0,0-0,0-0,1-2,3,0,0,2,0,0,0
Holy Cross 53,Loyola Maryland 46,01,"01 Cross,Addisyn",*,31,4-8,0-3,0-0,0-5,5,2,2,2,1,1,8
Holy Cross 53,Loyola Maryland 46,10,"10 Allen,Janelle",*,26,3-8,0-0,2-2,5-2,7,1,0,1,1,0,8
Holy Cross 53,Loyola Maryland 46,15,"15 McCormack,Cara",*,25,2-8,2-7,2-2,0-2,2,0,1,2,0,0,8
Holy Cross 53,Loyola Maryland 46,05,"05 Flanagan,Kaitlyn",*,26,1-4,0-2,2-2,0-1,1,1,0,2,0,1,4
Holy Cross 53,Loyola Maryland 46,13,"13 Power-Cassidy,Bronagh",*,26,0-1,0-1,0-0,1-1,2,0,1,0,0,0,0
Holy Cross 53,Loyola Maryland 46,24,"24 Foreman,Simone",,23,7-10,0-0,3-4,0-2,2,0,1,2,1,2,17
Holy Cross 53,Loyola Maryland 46,35,"35 Berger,Lindsay",,22,0-2,0-0,5-6,1-4,5,1,1,0,0,1,5
Holy Cross 53,Loyola Maryland 46,33,"33 Donnelly,Mary-Elizabeth",,16,1-4,1-4,0-0,0-2,2,1,0,0,0,0,3
Holy Cross 53,Loyola Maryland 46,00,"00 Wright,Callie",,5,0-1,0-0,0-0,0-0,0,0,0,0,0,0,0
Holy Cross 53,Loyola Maryland 46,TM,TM TEAM,,0,0-0,0-0,0-0,0-1,1,0,0,0,0,0,0
Loyola Maryland 46,Holy Cross 53,45,"45 Therien, Lex",*,28,8-13,0-2,1-3,1-9,10,4,0,1,0,1,17
Loyola Maryland 46,Holy Cross 53,04,"04 Dixon, Taleah",*,34,5-15,2-6,0-0,1-1,2,4,5,2,0,1,12
Loyola Maryland 46,Holy Cross 53,01,"01 Ratigan, Kelly",*,32,2-5,2-4,0-0,0-0,0,3,0,1,0,0,6
Loyola Maryland 46,Holy Cross 53,10,"10 Sims, Koi",*,29,3-9,0-0,0-0,7-5,12,3,2,3,0,0,6
Loyola Maryland 46,Holy Cross 53,15,"15 Salmerón, Laura",*,25,0-3,0-1,0-0,0-2,2,1,1,2,0,1,0
Loyola Maryland 46,Holy Cross 53,13,"13 Tañedo, Caramina",,19,1-2,1-1,0-0,0-1,1,0,1,0,0,1,3
Loyola Maryland 46,Holy Cross 53,05,"05 Newman, Devyne",,15,1-4,0-0,0-0,1-0,1,0,0,1,0,0,2
Loyola Maryland 46,Holy Cross 53,02,"02 Van-Otoo, Meliah",,6,0-1,0-1,0-0,0-0,0,0,0,0,0,1,0
Loyola Maryland 46,Holy Cross 53,12,"12 Garcia, Cristina",,6,0-0,0-0,0-0,0-0,0,0,0,1,0,1,0
Loyola Maryland 46,Holy Cross 53,23,"23 Espinal, Marta",,6,0-1,0-1,0-0,0-0,0,0,0,1,0,0,0
Loyola Maryland 46,Holy Cross 53,TM,TM TEAM,,0,0-0,0-0,0-0,2-1,3,0,0,3,0,0,0
Bucknell 56,Loyola Maryland 50,14,"14 Johnson,Tai",*,40,4-7,1-1,6-8,0-2,2,0,2,0,0,0,15
Bucknell 56,Loyola Maryland 50,52,"52 Shaffer,Emma",*,36,5-9,0-0,1-4,0-7,7,2,5,2,0,1,11
Bucknell 56,Loyola Maryland 50,00,"00 Theodorsson,Emma",*,31,4-9,0-0,0-0,0-3,3,2,1,1,0,0,8
Bucknell 56,Loyola Maryland 50,04,"04 Dingler,Caroline",*,31,2-2,1-1,2-2,0-2,2,2,4,3,1,0,7
Bucknell 56,Loyola Maryland 50,10,"10 King,Isabella",*,9,1-3,0-0,0-0,1-1,2,0,0,1,0,0,2
Bucknell 56,Loyola Maryland 50,33,"33 Kulesza,Julie",,31,2-7,1-3,2-2,1-2,3,0,1,1,0,0,7
Bucknell 56,Loyola Maryland 50,01,"01 Sisselman,Remi",,18,3-5,0-1,0-0,1-3,4,0,0,1,1,0,6
Bucknell 56,Loyola Maryland 50,13,"13 Sullivan,Grace",,4,0-1,0-0,0-0,0-2,2,2,0,1,0,0,0
Bucknell 56,Loyola Maryland 50,TM,TM TEAM,,0,0-0,0-0,0-0,2-4,6,0,0,0,0,0,0
Loyola Maryland 50,Bucknell 56,01,"01 Ratigan, Kelly",*,36,6-10,3-5,0-0,1-2,3,3,0,1,0,0,15
Loyola Maryland 50,Bucknell 56,45,"45 Therien, Lex",*,23,5-12,0-0,3-4,0-7,7,5,1,1,0,0,13
Loyola Maryland 50,Bucknell 56,05,"05 Newman, Devyne",*,28,6-13,0-2,0-0,2-2,4,2,1,0,0,0,12
Loyola Maryland 50,Bucknell 56,04,"04 Dixon, Taleah",*,34,2-11,0-2,0-0,0-0,0,0,5,0,0,0,4
Loyola Maryland 50,Bucknell 56,10,"10 Sims, Koi",*,32,1-4,0-0,0-0,5-3,8,1,4,1,1,0,2
Loyola Maryland 50,Bucknell 56,12,"12 Garcia, Cristina",,17,1-2,0-0,0-0,0-2,2,2,1,2,0,0,2
Loyola Maryland 50,Bucknell 56,22,"22 Rozzi, Bri",,1,1-1,0-0,0-0,0-0,0,0,0,0,0,0,2
Loyola Maryland 50,Bucknell 56,13,"13 Tañedo, Caramina",,20,0-4,0-1,0-0,1-1,2,2,0,1,0,2,0
Loyola Maryland 50,Bucknell 56,15,"15 Salmerón, Laura",,9,0-2,0-0,0-0,0-0,0,0,0,0,0,0,0
Loyola Maryland 50,Bucknell 56,TM,TM TEAM,,0,0-0,0-0,0-0,2-1,3,0,0,1,0,0,0
Loyola Maryland 43,Navy 63,45,"45 Therien, Lex",*,32,4-10,0-0,2-3,0-7,7,3,1,2,0,3,10
Loyola Maryland 43,Navy 63,04,"04 Dixon, Taleah",*,25,3-13,0-2,3-3,0-1,1,3,1,2,0,0,9
Loyola Maryland 43,Navy 63,05,"05 Newman, Devyne",*,25,2-8,2-4,2-2,0-3,3,2,0,2,0,0,8
Loyola Maryland 43,Navy 63,12,"12 Garcia, Cristina",*,25,2-3,0-0,1-2,0-0,0,2,3,5,0,2,5
Loyola Maryland 43,Navy 63,01,"01 Ratigan, Kelly",*,23,1-3,0-0,0-0,0-2,2,2,0,1,0,0,2
Loyola Maryland 43,Navy 63,10,"10 Sims, Koi",,18,1-5,0-0,2-2,2-3,5,1,0,1,0,1,4
Loyola Maryland 43,Navy 63,15,"15 Salmerón, Laura",,11,0-2,0-1,3-4,0-2,2,1,0,0,0,0,3
Loyola Maryland 43,Navy 63,22,"22 Rozzi, Bri",,10,0-2,0-1,2-2,1-0,1,3,0,0,0,0,2
Loyola Maryland 43,Navy 63,13,"13 Tañedo, Caramina",,22,0-2,0-1,0-2,0-2,2,1,0,1,0,0,0
Loyola Maryland 43,Navy 63,23,"23 Espinal, Marta",,5,0-0,0-0,0-0,1-0,1,1,0,1,0,0,0
Loyola Maryland 43,Navy 63,02,"02 Van-Otoo, Meliah",,4,0-0,0-0,0-0,0-0,0,2,0,0,0,0,0
Loyola Maryland 43,Navy 63,TM,TM TEAM,,0,0-0,0-0,0-0,1-0,1,0,0,1,0,0,0
Navy 63,Loyola Maryland 43,30,"30 Louridas,Maren",*,36,9-17,5-10,1-3,0-4,4,2,2,3,0,0,24
Navy 63,Loyola Maryland 43,34,"34 Watts,Sydne",*,30,6-13,2-4,2-2,1-3,4,3,2,4,0,0,16
Navy 63,Loyola Maryland 43,04,"04 Schrader,Mimi",*,35,1-4,1-2,5-6,2-5,7,1,4,2,0,1,8
Navy 63,Loyola Maryland 43,14,"14 Andrews,Morganne",*,31,2-2,0-0,0-0,2-9,11,4,1,3,1,0,4
Navy 63,Loyola Maryland 43,44,"44 Samson,Kate",*,6,1-1,0-0,0-0,1-2,3,2,0,0,0,0,2
Navy 63,Loyola Maryland 43,13,"13 Pissott,Gia",,23,2-2,0-0,3-4,2-3,5,2,0,1,0,1,7
Navy 63,Loyola Maryland 43,24,"24 Llewellyn,Lindsay",,19,1-8,0-4,0-0,0-1,1,2,2,5,0,0,2
Navy 63,Loyola Maryland 43,23,"23 Demos,Morgan",,11,0-1,0-0,0-0,0-1,1,2,0,0,0,1,0
Navy 63,Loyola Maryland 43,01,"01 Giuliani,Kelli",,8,0-1,0-1,0-0,0-0,0,4,1,0,0,1,0
Navy 63,Loyola Maryland 43,11,"11 Schofield,Sam",,1,0-0,0-0,0-0,0-0,0,0,0,0,0,0,0
Navy 63,Loyola Maryland 43,TM,TM TEAM,,0,0-0,0-0,0-0,1-4,5,0,0,1,0,0,0
Loyola Maryland 65,Lehigh 72,45,"45 Therien, Lex",*,39,12-20,0-0,4-6,6-9,15,4,1,6,0,0,28
Loyola Maryland 65,Lehigh 72,04,"04 Dixon, Taleah",*,31,5-21,2-7,2-2,0-1,1,2,4,2,0,2,14
Loyola Maryland 65,Lehigh 72,01,"01 Ratigan, Kelly",*,37,1-6,1-4,0-0,3-4,7,2,1,2,0,0,3
Loyola Maryland 65,Lehigh 72,10,"10 Sims, Koi",*,27,1-4,0-0,1-2,3-9,12,4,4,2,1,0,3
Loyola Maryland 65,Lehigh 72,12,"12 Garcia, Cristina",*,19,0-5,0-0,1-2,3-3,6,2,1,4,0,0,1
Loyola Maryland 65,Lehigh 72,22,"22 Rozzi, Bri",,31,4-8,2-6,0-0,0-1,1,4,0,3,0,0,10
Loyola Maryland 65,Lehigh 72,05,"05 Newman, Devyne",,25,2-5,0-1,2-2,0-1,1,2,4,1,0,0,6
Loyola Maryland 65,Lehigh 72,13,"13 Tañedo, Caramina",,11,0-2,0-1,0-0,2-0,2,1,0,0,0,0,0
Loyola Maryland 65,Lehigh 72,15,"15 Salmerón, Laura",,5,0-0,0-0,0-0,0-1,1,1,0,0,0,0,0
Loyola Maryland 65,Lehigh 72,TM,TM TEAM,,0,0-0,0-0,0-0,6-0,6,0,0,1,0,0,0
Lehigh 72,Loyola Maryland 65,02,"02 Kramer,Mackenzie",*,36,7-15,4-9,3-4,0-0,0,1,2,5,0,1,21
Lehigh 72,Loyola Maryland 65,20,"20 Hottinger,Frannie",*,34,5-11,0-4,5-6,0-4,4,5,2,3,0,2,15
Lehigh 72,Loyola Maryland 65,34,"34 Fandre,Lily",*,30,1-4,1-3,8-8,1-6,7,0,6,1,2,1,11
Lehigh 72,Loyola Maryland 65,05,"05 Stemmer,Ella",*,29,2-5,2-4,1-2,2-3,5,1,2,2,0,1,7
Lehigh 72,Loyola Maryland 65,01,"01 Harvey,Anna",*,37,2-7,0-4,2-2,0-2,2,0,2,1,0,1,6
Lehigh 72,Loyola Maryland 65,33,"33 O'Brien,Meghan",,14,2-4,1-1,0-0,0-2,2,1,0,0,0,0,5
Lehigh 72,Loyola Maryland 65,12,"12 Behar,Jamie",,12,1-2,1-2,2-2,0-3,3,2,0,3,0,0,5
Lehigh 72,Loyola Maryland 65,22,"22 Albrecht,Maddie",,17,1-2,0-1,0-0,0-2,2,2,2,2,1,0,2
Lehigh 72,Loyola Maryland 65,14,"14 Van Eps,Kaylee",,11,0-2,0-1,0-0,0-0,0,2,0,1,0,0,0
Lehigh 72,Loyola Maryland 65,11,"11 Eggenschwiler,Fabienne",,5,0-1,0-1,0-0,0-0,0,0,0,0,0,0,0
Lehigh 72,Loyola Maryland 65,TM,TM TEAM,,0,0-0,0-0,0-0,2-3,5,0,0,0,0,0,0
Boston U. 65,Loyola Maryland 57,14,"14 Johnson,Sydney",*,36,7-13,1-2,6-9,1-0,1,2,3,0,0,5,21
Boston U. 65,Loyola Maryland 57,11,"11 Weimar,Caitlin",*,38,5-12,0-0,3-4,3-4,7,3,2,3,3,0,13
Boston U. 65,Loyola Maryland 57,10,"10 Giannaros,Alex",*,23,3-6,3-6,4-4,1-1,2,2,1,5,0,0,13
Boston U. 65,Loyola Maryland 57,33,"33 Durant,Maren",*,32,3-7,0-0,1-2,5-8,13,5,2,0,3,1,7
Boston U. 65,Loyola Maryland 57,22,"22 Pina,Maggie",*,29,1-4,1-4,0-0,0-0,0,0,2,1,0,0,3
Boston U. 65,Loyola Maryland 57,40,"40 Beneventine,Sophie",,13,1-2,1-1,0-0,0-1,1,0,2,0,0,0,3
Boston U. 65,Loyola Maryland 57,44,"44 Crispe,Sam",,10,1-6,0-1,1-2,0-3,3,1,0,1,0,1,3
Boston U. 65,Loyola Maryland 57,30,"30 Davenport,Lauren",,14,1-2,0-1,0-0,0-0,0,0,0,1,0,0,2
Boston U. 65,Loyola Maryland 57,04,"04 Shean,Liz",,5,0-0,0-0,0-0,0-0,0,0,0,0,0,0,0
Boston U. 65,Loyola Maryland 57,TM,TM TEAM,,0,0-0,0-0,0-0,1-4,5,0,0,0,0,0,0
Loyola Maryland 57,Boston U. 65,45,"45 Therien, Lex",*,35,8-18,1-1,4-7,7-8,15,4,0,3,1,0,21
Loyola Maryland 57,Boston U. 65,04,"04 Dixon, Taleah",*,37,6-16,0-6,0-0,0-0,0,4,3,3,0,1,12
Loyola Maryland 57,Boston U. 65,10,"10 Sims, Koi",*,25,2-3,0-0,0-0,2-14,16,1,1,1,2,1,4
Loyola Maryland 57,Boston U. 65,12,"12 Garcia, Cristina",*,19,2-2,0-0,0-0,1-0,1,3,1,2,0,0,4
Loyola Maryland 57,Boston U. 65,01,"01 Ratigan, Kelly",*,28,0-2,0-2,0-0,0-0,0,2,2,2,0,0,0
Loyola Maryland 57,Boston U. 65,22,"22 Rozzi, Bri",,25,3-6,2-3,0-0,0-0,0,1,1,1,0,0,8
Loyola Maryland 57,Boston U. 65,13,"13 Tañedo, Caramina",,14,1-4,1-3,2-3,0-0,0,2,1,1,0,0,5
Loyola Maryland 57,Boston U. 65,05,"05 Newman, Devyne",,17,1-5,1-2,0-0,0-0,0,0,1,1,0,0,3
Loyola Maryland 57,Boston U. 65,TM,TM TEAM,,0,0-0,0-0,0-0,3-1,4,0,0,2,0,0,0
Lafayette 39,Loyola Maryland 35,23,"23 Andrews,Makayla",*,26,5-8,0-0,3-4,0-6,6,4,1,4,1,0,13
Lafayette 39,Loyola Maryland 35,04,"04 Favours,Kylie",*,37,3-6,2-3,1-3,0-3,3,2,3,3,0,0,9
Lafayette 39,Loyola Maryland 35,01,"01 Antognoli,Abby",*,39,3-11,0-4,2-3,0-1,1,0,2,4,1,0,8
Lafayette 39,Loyola Maryland 35,31,"31 Smith,Halee",*,31,2-9,0-2,0-0,0-2,2,3,2,1,2,2,4
Lafayette 39,Loyola Maryland 35,14,"14 Drummond,Kayla",*,19,0-2,0-0,0-0,2-2,4,4,0,0,0,0,0
Lafayette 39,Loyola Maryland 35,15,"15 Donahue,Kay",,7,1-2,1-1,0-0,0-1,1,2,0,1,0,0,3
Lafayette 39,Loyola Maryland 35,22,"22 Matthews,Aniya",,21,1-2,0-0,0-0,1-1,2,2,1,0,1,0,2
Lafayette 39,Loyola Maryland 35,24,"24 Ntaconayigize,Sauda",,20,0-4,0-2,0-0,1-0,1,0,1,1,1,0,0
Lafayette 39,Loyola Maryland 35,TM,TM TEAM,,0,0-0,0-0,0-0,0-4,4,0,0,1,0,0,0
Loyola Maryland 35,Lafayette 39,45,"45 Therien, Lex",*,37,2-8,0-1,6-10,5-11,16,4,1,6,0,1,10
Loyola Maryland 35,Lafayette 39,04,"04 Dixon, Taleah",*,33,4-11,0-2,2-2,0-2,2,1,0,3,0,2,10
Loyola Maryland 35,Lafayette 39,10,"10 Sims, Koi",*,10,2-4,0-0,0-0,1-1,2,0,0,1,2,1,4
Loyola Maryland 35,Lafayette 39,01,"01 Ratigan, Kelly",*,25,1-4,1-4,0-0,0-2,2,0,1,2,0,0,3
Loyola Maryland 35,Lafayette 39,22,"22 Rozzi, Bri",*,33,1-8,0-4,0-0,2-5,7,0,5,2,0,1,2
Loyola Maryland 35,Lafayette 39,05,"05 Newman, Devyne",,25,2-6,0-1,0-0,0-0,0,2,0,2,0,0,4
Loyola Maryland 35,Lafayette 39,12,"12 Garcia, Cristina",,16,1-5,0-1,0-0,3-3,6,3,0,0,0,1,2
Loyola Maryland 35,Lafayette 39,11,"11 Glezen, Emma",,7,0-0,0-0,0-2,0-0,0,4,0,1,0,1,0
Loyola Maryland 35,Lafayette 39,13,"13 Tañedo, Caramina",,7,0-0,0-0,0-0,0-0,0,0,1,0,0,1,0
Loyola Maryland 35,Lafayette 39,15,"15 Salmerón, Laura",,5,0-0,0-0,0-0,0-0,0,0,0,0,0,0,0
Loyola Maryland 35,Lafayette 39,02,"02 Van-Otoo, Meliah",,2,0-0,0-0,0-0,0-0,0,0,0,0,0,0,0
Loyola Maryland 35,Lafayette 39,TM,TM TEAM,,0,0-0,0-0,0-0,2-3,5,0,0,0,0,0,0
Loyola Maryland 37,Bucknell 73,45,"45 Therien, Lex",*,27,6-14,0-1,2-3,6-5,11,4,0,2,1,0,14
Loyola Maryland 37,Bucknell 73,04,"04 Dixon, Taleah",*,24,1-10,0-4,5-6,0-2,2,3,3,3,0,0,7
Loyola Maryland 37,Bucknell 73,22,"22 Rozzi, Bri",*,20,2-4,2-2,0-0,0-1,1,2,2,4,0,0,6
Loyola Maryland 37,Bucknell 73,01,"01 Ratigan, Kelly",*,21,1-4,0-1,0-0,0-2,2,0,1,2,0,0,2
Loyola Maryland 37,Bucknell 73,05,"05 Newman, Devyne",*,17,1-3,0-1,0-0,0-0,0,2,0,0,0,0,2
Loyola Maryland 37,Bucknell 73,15,"15 Salmerón, Laura",,25,2-6,0-1,0-0,0-3,3,0,0,2,0,4,4
Loyola Maryland 37,Bucknell 73,02,"02 Van-Otoo, Meliah",,11,1-4,0-0,0-2,0-1,1,1,0,0,0,0,2
Loyola Maryland 37,Bucknell 73,23,"23 Espinal, Marta",,21,0-0,0-0,0-0,0-2,2,4,0,4,1,0,0
Loyola Maryland 37,Bucknell 73,12,"12 Garcia, Cristina",,19,0-2,0-0,0-0,2-0,2,2,0,1,0,0,0
Loyola Maryland 37,Bucknell 73,13,"13 Tañedo, Caramina",,10,0-1,0-0,0-0,2-0,2,0,1,0,0,0,0
Loyola Maryland 37,Bucknell 73,21,"21 Orza, Caroline",,5,0-1,0-1,0-0,0-0,0,0,0,1,0,0,0
Loyola Maryland 37,Bucknell 73,TM,TM TEAM,,0,0-0,0-0,0-0,1-0,1,0,0,1,0,0,0
Bucknell 73,Loyola Maryland 37,10,"10 King,Isabella",*,34,7-10,3-5,2-2,0-2,2,0,4,1,0,2,19
Bucknell 73,Loyola Maryland 37,52,"52 Shaffer,Emma",*,27,6-7,0-0,7-10,4-6,10,0,3,0,0,0,19
Bucknell 73,Loyola Maryland 37,00,"00 Theodorsson,Emma",*,19,3-9,2-4,2-2,0-4,4,3,1,1,0,1,10
Bucknell 73,Loyola Maryland 37,14,"14 Johnson,Tai",*,35,2-4,0-2,2-4,1-3,4,0,4,2,0,1,6
Bucknell 73,Loyola Maryland 37,04,"04 Dingler,Caroline",*,13,0-0,0-0,0-0,0-2,2,0,1,0,0,0,0
Bucknell 73,Loyola Maryland 37,01,"01 Sisselman,Remi",,28,3-9,2-4,0-0,2-1,3,0,1,1,0,1,8
Bucknell 73,Loyola Maryland 37,33,"33 Kulesza,Julie",,24,0-2,0-1,4-4,0-3,3,3,3,0,0,0,4
Bucknell 73,Loyola Maryland 37,13,"13 Sullivan,Grace",,11,1-4,0-0,2-2,2-2,4,3,0,4,1,0,4
Bucknell 73,Loyola Maryland 37,20,"20 Reinbeau,Kaylee",,5,1-1,1-1,0-0,0-1,1,0,1,0,0,0,3
Bucknell 73,Loyola Maryland 37,31,"31 Davis,Nicole",,2,0-1,0-1,0-0,0-0,0,1,0,0,0,0,0
Bucknell 73,Loyola Maryland 37,44,"44 Klag,Grace",,2,0-0,0-0,0-0,0-0,0,0,0,1,0,0,0
Bucknell 73,Loyola Maryland 37,TM,TM TEAM,,0,0-0,0-0,0-0,1-1,2,0,0,0,0,0,0
Loyola Maryland 57,Boston U. 100,45,"45 Therien, Lex",*,24,6-11,0-0,2-2,1-5,6,3,3,2,1,3,14
Loyola Maryland 57,Boston U. 100,05,"05 Newman, Devyne",*,21,5-11,0-0,3-4,1-1,2,1,0,1,0,0,13
Loyola Maryland 57,Boston U. 100,04,"04 Dixon, Taleah",*,27,5-17,1-4,1-1,0-2,2,2,1,3,0,1,12
Loyola Maryland 57,Boston U. 100,01,"01 Ratigan, Kelly",*,25,1-5,1-2,0-0,0-4,4,2,3,3,0,0,3
Loyola Maryland 57,Boston U. 100,22,"22 Rozzi, Bri",*,13,1-3,0-0,0-0,1-1,2,3,0,0,0,0,2
Loyola Maryland 57,Boston U. 100,15,"15 Salmerón, Laura",,26,4-10,1-4,0-0,0-1,1,1,1,1,0,0,9
Loyola Maryland 57,Boston U. 100,23,"23 Espinal, Marta",,20,1-1,0-0,0-0,1-0,1,1,0,0,0,1,2
Loyola Maryland 57,Boston U. 100,02,"02 Van-Otoo, Meliah",,15,1-3,0-1,0-0,0-2,2,1,1,1,0,1,2
Loyola Maryland 57,Boston U. 100,12,"12 Garcia, Cristina",,20,0-4,0-0,0-0,2-0,2,2,2,1,0,1,0
Loyola Maryland 57,Boston U. 100,21,"21 Orza, Caroline",,6,0-2,0-1,0-0,0-0,0,0,0,1,0,0,0
Loyola Maryland 57,Boston U. 100,13,"13 Tañedo, Caramina",,3,0-0,0-0,0-0,0-0,0,0,0,0,0,0,0
Loyola Maryland 57,Boston U. 100,TM,TM TEAM,,0,0-0,0-0,0-0,0-0,0,0,0,2,0,0,0
Boston U. 100,Loyola Maryland 57,14,"14 Johnson,Sydney",*,28,8-12,4-7,0-0,0-2,2,0,3,0,1,0,20
Boston U. 100,Loyola Maryland 57,22,"22 Pina,Maggie",*,23,6-11,4-9,3-3,0-4,4,2,3,0,0,3,19
Boston U. 100,Loyola Maryland 57,10,"10 Giannaros,Alex",*,23,7-10,4-7,0-0,0-3,3,2,2,2,0,0,18
Boston U. 100,Loyola Maryland 57,11,"11 Weimar,Caitlin",*,24,6-8,0-0,4-4,2-7,9,3,3,1,0,0,16
Boston U. 100,Loyola Maryland 57,33,"33 Durant,Maren",*,18,2-3,0-0,2-2,0-2,2,3,3,3,1,0,6
Boston U. 100,Loyola Maryland 57,44,"44 Crispe,Sam",,26,3-6,0-1,2-2,1-3,4,1,4,4,0,1,8
Boston U. 100,Loyola Maryland 57,04,"04 Shean,Liz",,15,2-4,2-4,1-2,0-2,2,0,1,1,1,0,7
Boston U. 100,Loyola Maryland 57,03,"03 Mingo,Kelsi",,11,1-2,1-2,0-0,0-3,3,2,0,1,1,0,3
Boston U. 100,Loyola Maryland 57,12,"12 Larnard,Annabelle",,6,1-2,1-2,0-0,0-1,1,0,1,0,0,0,3
Boston U. 100,Loyola Maryland 57,40,"40 Beneventine,Sophie",,19,0-2,0-1,0-0,0-1,1,0,3,1,0,0,0
Boston U. 100,Loyola Maryland 57,02,"02 Semenova,Anastasiia",,7,0-0,0-0,0-0,0-0,0,1,0,0,0,0,0
Boston U. 100,Loyola Maryland 57,TM,TM TEAM,,0,0-0,0-0,0-0,0-0,0,0,0,0,0,0,0
Army West Point 83,Loyola Maryland 68,11,"11 Hunter,Sabria",*,33,12-16,0-0,8-8,5-9,14,4,0,2,2,0,32
Army West Point 83,Loyola Maryland 68,34,"34 Lithgow,Lauren",*,24,4-12,3-10,0-0,1-0,1,1,0,3,0,0,11
Army West Point 83,Loyola Maryland 68,21,"21 Ericson,Reese",*,32,3-9,1-3,2-2,0-2,2,0,3,3,0,0,9
Army West Point 83,Loyola Maryland 68,14,"14 Brown,Hope",*,28,2-5,0-0,2-2,4-3,7,5,1,1,0,2,6
Army West Point 83,Loyola Maryland 68,04,"04 Hall,Kamryn",*,26,0-3,0-0,0-2,2-4,6,4,8,2,4,1,0
Army West Point 83,Loyola Maryland 68,13,"13 Hardy,Trinity",,17,5-7,1-2,3-4,3-1,4,0,1,0,0,1,14
Army West Point 83,Loyola Maryland 68,03,"03 Rhine,Natalie",,20,2-7,2-6,0-0,0-1,1,4,2,0,0,0,6
Army West Point 83,Loyola Maryland 68,02,"02 McNaughton,Sam",,18,2-6,1-3,0-0,0-2,2,0,2,1,1,0,5
Army West Point 83,Loyola Maryland 68,22,"22 Richman,Charlotte",,2,0-1,0-1,0-0,0-1,1,0,0,0,0,0,0
Army West Point 83,Loyola Maryland 68,TM,TM TEAM,,0,0-0,0-0,0-0,2-2,4,0,0,0,0,0,0
Loyola Maryland 68,Army West Point 83,45,"45 Therien, Lex",*,35,9-15,0-0,6-7,3-8,11,5,1,2,1,3,24
Loyola Maryland 68,Army West Point 83,04,"04 Dixon, Taleah",*,34,5-14,0-3,8-11,0-0,0,2,0,2,0,1,18
Loyola Maryland 68,Army West Point 83,01,"01 Ratigan, Kelly",*,36,3-7,2-3,0-0,0-3,3,5,5,1,0,0,8
Loyola Maryland 68,Army West Point 83,05,"05 Newman, Devyne",*,33,3-11,0-0,2-2,1-3,4,1,1,3,0,0,8
Loyola Maryland 68,Army West Point 83,22,"22 Rozzi, Bri",*,21,0-2,0-1,0-0,1-1,2,1,2,0,0,0,0
Loyola Maryland 68,Army West Point 83,02,"02 Van-Otoo, Meliah",,19,3-5,1-1,3-3,2-1,3,4,0,1,1,0,10
Loyola Maryland 68,Army West Point 83,15,"15 Salmerón, Laura",,9,0-0,0-0,0-0,0-0,0,1,1,0,0,0,0
Loyola Maryland 68,Army West Point 83,13,"13 Tañedo, Caramina",,6,0-0,0-0,0-0,0-0,0,1,0,0,0,0,0
Loyola Maryland 68,Army West Point 83,23,"23 Espinal, Marta",,6,0-1,0-0,0-0,0-1,1,1,0,3,0,0,0
Loyola Maryland 68,Army West Point 83,12,"12 Garcia, Cristina",,1,0-1,0-1,0-0,0-0,0,0,0,0,0,1,0
Loyola Maryland 68,Army West Point 83,TM,TM TEAM,,0,0-0,0-0,0-0,3-2,5,0,0,0,0,0,0
Lehigh 67,Loyola Maryland 59,20,"20 Hottinger,Frannie",*,39,7-21,1-6,13-17,2-11,13,0,3,2,0,1,28
Lehigh 67,Loyola Maryland 59,34,"34 Fandre,Lily",*,27,4-10,2-6,0-2,2-6,8,4,2,1,1,0,10
Lehigh 67,Loyola Maryland 59,01,"01 Harvey,Anna",*,39,3-6,3-5,0-0,0-4,4,3,5,2,0,2,9
Lehigh 67,Loyola Maryland 59,05,"05 Stemmer,Ella",*,32,1-5,1-5,4-4,0-1,1,1,0,1,0,0,7
Lehigh 67,Loyola Maryland 59,14,"14 Van Eps,Kaylee",*,24,0-0,0-0,2-2,0-2,2,3,2,1,0,1,2
Lehigh 67,Loyola Maryland 59,12,"12 Behar,Jamie",,19,3-7,2-5,0-0,0-2,2,2,1,2,1,0,8
Lehigh 67,Loyola Maryland 59,22,"22 Albrecht,Maddie",,13,1-2,0-0,1-2,1-0,1,1,0,1,0,0,3
Lehigh 67,Loyola Maryland 59,33,"33 O'Brien,Meghan",,5,0-0,0-0,0-0,0-0,0,1,0,1,0,0,0
Lehigh 67,Loyola Maryland 59,11,"11 Eggenschwiler,Fabienne",,2,0-0,0-0,0-0,0-0,0,0,0,1,0,0,0
Lehigh 67,Loyola Maryland 59,TM,TM TEAM,,0,0-0,0-0,0-0,3-2,5,0,0,1,0,0,0
Loyola Maryland 59,Lehigh 67,45,"45 Therien, Lex",*,32,9-11,0-0,4-9,3-9,12,4,2,2,0,2,22
Loyola Maryland 59,Lehigh 67,04,"04 Dixon, Taleah",*,29,4-18,2-6,4-4,0-1,1,4,1,4,0,3,14
Loyola Maryland 59,Lehigh 67,01,"01 Ratigan, Kelly",*,33,3-7,2-4,2-2,0-3,3,3,3,2,0,0,10
Loyola Maryland 59,Lehigh 67,22,"22 Rozzi, Bri",*,39,2-7,1-3,1-2,1-3,4,2,3,1,0,2,6
Loyola Maryland 59,Lehigh 67,05,"05 Newman, Devyne",*,27,2-10,1-4,1-2,2-2,4,5,2,3,0,1,6
Loyola Maryland 59,Lehigh 67,12,"12 Garcia, Cristina",,25,0-3,0-1,1-2,3-2,5,3,0,1,1,0,1
Loyola Maryland 59,Lehigh 67,15,"15 Salmerón, Laura",,5,0-1,0-1,0-0,0-2,2,0,0,1,0,0,0
Loyola Maryland 59,Lehigh 67,23,"23 Espinal, Marta",,5,0-0,0-0,0-0,0-2,2,1,0,0,0,0,0
Loyola Maryland 59,Lehigh 67,13,"13 Tañedo, Caramina",,4,0-0,0-0,0-0,0-0,0,0,1,0,0,0,0
Loyola Maryland 59,Lehigh 67,02,"02 Van-Otoo, Meliah",,1,0-1,0-1,0-0,0-1,1,0,0,0,0,0,0
Loyola Maryland 59,Lehigh 67,TM,TM TEAM,,0,0-0,0-0,0-0,2-1,3,0,0,0,0,0,0
Loyola Maryland 66,Lafayette 55,04,"04 Dixon, Taleah",*,34,7-15,3-6,3-4,0-2,2,3,5,0,0,0,20
Loyola Maryland 66,Lafayette 55,45,"45 Therien, Lex",*,33,7-14,0-1,3-3,6-14,20,3,2,3,0,0,17
Loyola Maryland 66,Lafayette 55,22,"22 Rozzi, Bri",*,33,4-9,0-3,2-2,2-5,7,1,3,2,0,3,10
Loyola Maryland 66,Lafayette 55,01,"01 Ratigan, Kelly",*,35,2-6,2-4,3-4,3-3,6,2,3,1,0,1,9
Loyola Maryland 66,Lafayette 55,05,"05 Newman, Devyne",*,29,4-9,0-1,0-0,0-2,2,1,3,1,0,0,8
Loyola Maryland 66,Lafayette 55,23,"23 Espinal, Marta",,9,1-2,0-0,0-0,1-0,1,1,0,1,0,0,2
Loyola Maryland 66,Lafayette 55,12,"12 Garcia, Cristina",,9,0-0,0-0,0-0,0-0,0,1,0,1,0,0,0
Loyola Maryland 66,Lafayette 55,02,"02 Van-Otoo, Meliah",,8,0-1,0-0,0-2,0-0,0,2,2,0,0,0,0
Loyola Maryland 66,Lafayette 55,13,"13 Tañedo, Caramina",,5,0-0,0-0,0-0,1-1,2,0,1,1,0,1,0
Loyola Maryland 66,Lafayette 55,15,"15 Salmerón, Laura",,5,0-3,0-3,0-0,0-0,0,0,1,0,0,0,0
Loyola Maryland 66,Lafayette 55,TM,TM TEAM,,0,0-0,0-0,0-0,0-0,0,0,0,0,0,0,0
Lafayette 55,Loyola Maryland 66,23,"23 Andrews,Makayla",*,34,7-14,0-1,2-2,2-6,8,4,2,5,0,0,16
Lafayette 55,Loyola Maryland 66,01,"01 Antognoli,Abby",*,28,3-9,1-3,4-4,3-1,4,3,1,4,0,1,11
Lafayette 55,Loyola Maryland 66,31,"31 Smith,Halee",*,36,4-10,0-2,0-0,0-3,3,1,4,1,0,1,8
Lafayette 55,Loyola Maryland 66,24,"24 Ntaconayigize,Sauda",*,32,2-3,1-2,0-0,0-4,4,0,4,0,1,1,5
Lafayette 55,Loyola Maryland 66,22,"22 Matthews,Aniya",*,24,2-2,0-0,0-0,0-3,3,0,0,0,2,0,4
Lafayette 55,Loyola Maryland 66,15,"15 Donahue,Kay",,15,3-7,2-2,0-0,0-2,2,3,0,0,0,0,8
Lafayette 55,Loyola Maryland 66,04,"04 Favours,Kylie",,31,1-8,1-5,0-2,0-1,1,2,4,1,0,3,3
Lafayette 55,Loyola Maryland 66,TM,TM TEAM,,0,0-0,0-0,0-0,0-2,2,0,0,0,0,0,0
Navy 50,Loyola Maryland 74,34,"34 Watts,Sydne",*,28,6-12,3-6,0-0,0-0,0,1,1,1,0,0,15
Navy 50,Loyola Maryland 74,30,"30 Louridas,Maren",*,35,5-15,1-4,1-2,0-2,2,3,2,1,0,0,12
Navy 50,Loyola Maryland 74,24,"24 Llewellyn,Lindsay",*,24,4-8,0-2,1-2,0-2,2,3,3,3,0,4,9
Navy 50,Loyola Maryland 74,04,"04 Schrader,Mimi",*,25,0-5,0-2,0-0,0-3,3,1,2,2,0,0,0
Navy 50,Loyola Maryland 74,14,"14 Andrews,Morganne",*,25,0-0,0-0,0-0,1-2,3,1,0,0,0,1,0
Navy 50,Loyola Maryland 74,11,"11 Schofield,Sam",,17,3-8,1-5,0-0,0-0,0,1,0,1,0,0,7
Navy 50,Loyola Maryland 74,44,"44 Samson,Kate",,20,1-3,0-0,1-2,1-1,2,3,1,0,2,1,3
Navy 50,Loyola Maryland 74,15,"15 Coleman,Bianca",,10,1-3,0-1,0-0,1-0,1,2,1,1,0,0,2
Navy 50,Loyola Maryland 74,01,"01 Giuliani,Kelli",,9,1-2,0-1,0-0,0-0,0,1,1,3,0,1,2
Navy 50,Loyola Maryland 74,23,"23 Demos,Morgan",,7,0-0,0-0,0-0,1-1,2,0,0,0,1,0,0
Navy 50,Loyola Maryland 74,TM,TM TEAM,,0,0-0,0-0,0-0,1-1,2,0,0,0,0,0,0
Loyola Maryland 74,Navy 50,45,"45 Therien, Lex",*,31,7-10,0-0,10-10,3-12,15,3,1,7,0,4,24
Loyola Maryland 74,Navy 50,04,"04 Dixon, Taleah",*,26,5-10,1-3,1-1,0-1,1,0,0,2,0,1,12
Loyola Maryland 74,Navy 50,05,"05 Newman, Devyne",*,27,5-8,0-1,1-1,0-2,2,0,4,1,0,0,11
Loyola Maryland 74,Navy 50,01,"01 Ratigan, Kelly",*,29,3-5,2-4,0-0,0-3,3,2,1,2,0,0,8
Loyola Maryland 74,Navy 50,22,"22 Rozzi, Bri",*,33,2-4,0-1,2-4,0-5,5,0,3,1,0,0,6
Loyola Maryland 74,Navy 50,15,"15 Salmerón, Laura",,21,3-4,0-0,1-1,0-2,2,1,0,0,0,0,7
Loyola Maryland 74,Navy 50,12,"12 Garcia, Cristina",,7,1-1,0-0,2-2,0-1,1,4,1,0,0,0,4
Loyola Maryland 74,Navy 50,13,"13 Tañedo, Caramina",,5,0-1,0-1,2-2,0-0,0,0,0,1,0,3,2
Loyola Maryland 74,Navy 50,02,"02 Van-Otoo, Meliah",,10,0-0,0-0,0-0,0-1,1,1,0,3,0,0,0
Loyola Maryland 74,Navy 50,23,"23 Espinal, Marta",,9,0-0,0-0,0-0,0-2,2,1,0,0,0,0,0
Loyola Maryland 74,Navy 50,21,"21 Orza, Caroline",,2,0-1,0-0,0-0,0-0,0,1,0,0,0,0,0
Loyola Maryland 74,Navy 50,TM,TM TEAM,,0,0-0,0-0,0-0,1-1,2,0,0,3,0,0,0
Loyola Maryland 51,Holy Cross 59,04,"04 Dixon, Taleah",*,33,4-10,1-4,5-8,1-3,4,2,2,2,0,2,14
Loyola Maryland 51,Holy Cross 59,22,"22 Rozzi, Bri",*,39,4-10,1-5,0-0,2-3,5,4,2,3,0,2,9
Loyola Maryland 51,Holy Cross 59,01,"01 Ratigan, Kelly",*,34,3-6,1-2,2-2,0-3,3,4,2,2,0,1,9
Loyola Maryland 51,Holy Cross 59,45,"45 Therien, Lex",*,29,2-10,0-0,3-5,6-7,13,4,1,3,0,1,7
Loyola Maryland 51,Holy Cross 59,05,"05 Newman, Devyne",*,29,2-11,0-3,0-0,1-2,3,0,1,0,0,1,4
Loyola Maryland 51,Holy Cross 59,23,"23 Espinal, Marta",,10,1-2,0-0,3-4,0-0,0,3,0,1,0,0,5
Loyola Maryland 51,Holy Cross 59,12,"12 Garcia, Cristina",,3,0-0,0-0,2-2,0-0,0,0,0,0,0,0,2
Loyola Maryland 51,Holy Cross 59,13,"13 Tañedo, Caramina",,5,0-0,0-0,1-2,0-2,2,0,0,0,0,0,1
Loyola Maryland 51,Holy Cross 59,15,"15 Salmerón, Laura",,18,0-1,0-0,0-0,0-0,0,0,0,1,0,1,0
Loyola Maryland 51,Holy Cross 59,TM,TM TEAM,,0,0-0,0-0,0-0,1-3,4,0,0,2,0,0,0
Holy Cross 59,Loyola Maryland 51,13,"13 Power-Cassidy,Bronagh",*,36,6-15,3-6,0-0,2-3,5,3,2,4,0,0,15
Holy Cross 59,Loyola Maryland 51,05,"05 Flanagan,Kaitlyn",*,35,4-9,1-4,2-2,0-6,6,1,5,1,1,1,11
Holy Cross 59,Loyola Maryland 51,10,"10 Allen,Janelle",*,25,2-4,0-0,0-0,1-5,6,4,1,1,2,0,4
Holy Cross 59,Loyola Maryland 51,35,"35 Berger,Lindsay",*,18,1-4,0-0,2-2,2-2,4,0,1,0,0,0,4
Holy Cross 59,Loyola Maryland 51,01,"01 Cross,Addisyn",*,34,1-3,0-1,0-0,0-2,2,1,6,0,0,0,2
Holy Cross 59,Loyola Maryland 51,15,"15 McCormack,Cara",,24,3-6,2-5,4-4,1-3,4,3,1,6,0,0,12
Holy Cross 59,Loyola Maryland 51,24,"24 Foreman,Simone",,18,3-8,0-0,1-2,1-1,2,0,0,1,0,0,7
Holy Cross 59,Loyola Maryland 51,00,"00 Wright,Callie",,3,1-1,0-0,0-0,0-1,1,1,0,0,0,0,2
Holy Cross 59,Loyola Maryland 51,23,"23 Munt,Grace",,3,1-1,0-0,0-0,0-0,0,2,0,0,1,0,2
Holy Cross 59,Loyola Maryland 51,33,"33 Donnelly,Mary-Elizabeth",,4,0-1,0-1,0-0,0-1,1,1,1,1,0,0,0
Holy Cross 59,Loyola Maryland 51,TM,TM TEAM,,0,0-0,0-0,0-0,0-1,1,0,0,0,0,0,0
Loyola Maryland 59,American 67,45,"45 Therien, Lex",*,33,8-14,0-0,3-5,2-9,11,5,1,4,0,2,19
Loyola Maryland 59,American 67,01,"01 Ratigan, Kelly",*,35,3-9,3-6,4-4,1-2,3,0,1,1,0,2,13
Loyola Maryland 59,American 67,04,"04 Dixon, Taleah",*,36,4-13,2-7,2-3,0-2,2,3,2,5,0,1,12
Loyola Maryland 59,American 67,22,"22 Rozzi, Bri",*,33,2-5,0-2,1-2,0-2,2,4,3,3,0,0,5
Loyola Maryland 59,American 67,05,"05 Newman, Devyne",*,19,1-5,1-1,0-0,0-1,1,4,1,3,0,0,3
Loyola Maryland 59,American 67,13,"13 Tañedo, Caramina",,24,1-2,0-1,3-4,3-2,5,5,0,2,1,1,5
Loyola Maryland 59,American 67,23,"23 Espinal, Marta",,10,1-1,0-0,0-0,2-0,2,3,0,1,0,0,2
Loyola Maryland 59,American 67,15,"15 Salmerón, Laura",,6,0-0,0-0,0-0,1-1,2,0,0,0,0,0,0
Loyola Maryland 59,American 67,12,"12 Garcia, Cristina",,4,0-1,0-0,0-0,2-0,2,1,1,0,0,0,0
Loyola Maryland 59,American 67,TM,TM TEAM,,0,0-0,0-0,0-0,2-4,6,0,0,2,0,0,0
American 67,Loyola Maryland 59,44,"44 Johns,Emily",*,31,6-12,0-1,7-8,3-3,6,1,2,2,1,0,19
American 67,Loyola Maryland 59,02,"02 Bales,Ivy",*,34,6-10,0-1,1-2,0-5,5,2,4,5,1,1,13
American 67,Loyola Maryland 59,23,"23 Stack,Lauren",*,38,3-7,0-0,6-8,3-2,5,2,2,0,2,4,12
American 67,Loyola Maryland 59,05,"05 Stetson,Sadie",*,33,2-5,2-3,0-0,0-3,3,3,3,2,0,1,6
American 67,Loyola Maryland 59,13,"13 Henning,Kayla",*,24,1-4,0-1,0-0,1-1,2,4,3,1,0,1,2
American 67,Loyola Maryland 59,10,"10 LeMaster,Anna",,19,3-9,1-5,3-3,1-0,1,1,0,0,0,1,10
American 67,Loyola Maryland 59,04,"04 Nogues,Laura",,12,1-2,0-0,1-2,0-0,0,4,0,4,0,0,3
American 67,Loyola Maryland 59,55,"55 Lavin,Molly",,9,1-2,0-0,0-0,0-2,2,0,0,0,0,0,2
American 67,Loyola Maryland 59,TM,TM TEAM,,0,0-0,0-0,0-0,0-4,4,0,0,0,0,0,0
Colgate 64,Loyola Maryland 50,05,"05 Golembiewski,Taylor",*,33,7-14,0-1,5-6,1-2,3,0,1,0,0,3,19
Colgate 64,Loyola Maryland 50,03,"03 Brodie,Alexa",*,33,7-14,0-0,0-0,0-5,5,0,1,3,0,0,14
Colgate 64,Loyola Maryland 50,11,"11 McMillan,Tiasia",*,29,5-6,0-0,0-2,1-4,5,2,1,4,3,2,10
Colgate 64,Loyola Maryland 50,04,"04 Schiller,Madison",*,38,2-6,0-0,0-0,1-2,3,2,1,0,0,2,4
Colgate 64,Loyola Maryland 50,02,"02 Midgette,Christina",*,23,1-3,0-0,2-2,4-1,5,4,1,0,0,0,4
Colgate 64,Loyola Maryland 50,01,"01 McMahon,Morgan",,12,2-6,0-0,3-3,2-3,5,1,1,0,0,0,7
Colgate 64,Loyola Maryland 50,13,"13 Diehl,Sophia",,16,2-4,0-0,0-0,2-0,2,2,0,1,0,0,4
Colgate 64,Loyola Maryland 50,34,"34 Blackmore,Lindsay",,11,1-1,0-0,0-0,0-0,0,0,0,1,0,0,2
Colgate 64,Loyola Maryland 50,20,"20 Paul,Jenna",,2,0-0,0-0,0-0,0-0,0,0,0,0,0,0,0
Colgate 64,Loyola Maryland 50,21,"21 Cook,Lara",,2,0-0,0-0,0-0,0-0,0,0,0,0,0,0,0
Colgate 64,Loyola Maryland 50,41,"41 Ferguson,Abbey",,1,0-1,0-0,0-0,0-0,0,0,0,0,0,0,0
Colgate 64,Loyola Maryland 50,TM,TM TEAM,,0,0-0,0-0,0-0,0-3,3,0,0,1,0,0,0
Loyola Maryland 50,Colgate 64,45,"45 Therien, Lex",*,32,7-11,0-0,9-12,1-8,9,3,0,1,0,2,23
Loyola Maryland 50,Colgate 64,05,"05 Newman, Devyne",*,25,4-6,1-2,0-0,1-1,2,0,0,1,0,0,9
Loyola Maryland 50,Colgate 64,04,"04 Dixon, Taleah",*,35,4-11,0-3,0-0,0-1,1,3,5,1,0,4,8
Loyola Maryland 50,Colgate 64,01,"01 Ratigan, Kelly",*,36,3-10,1-6,0-0,0-3,3,2,1,2,0,0,7
Loyola Maryland 50,Colgate 64,22,"22 Rozzi, Bri",*,26,0-4,0-0,0-0,1-2,3,4,4,1,0,0,0
Loyola Maryland 50,Colgate 64,23,"23 Espinal, Marta",,12,1-2,0-0,0-0,1-2,3,1,0,0,0,0,2
Loyola Maryland 50,Colgate 64,02,"02 Van-Otoo, Meliah",,7,0-0,0-0,1-2,0-0,0,0,0,2,0,0,1
Loyola Maryland 50,Colgate 64,12,"12 Garcia, Cristina",,14,0-1,0-0,0-0,1-1,2,0,0,2,0,0,0
Loyola Maryland 50,Colgate 64,15,"15 Salmerón, Laura",,13,0-0,0-0,0-0,0-0,0,1,1,1,0,1,0
Loyola Maryland 50,Colgate 64,TM,TM TEAM,,0,0-0,0-0,0-0,1-0,1,0,0,0,0,0,0
Loyola Maryland 61,Lafayette 52,45,"45 Therien, Lex",*,37,6-13,0-1,5-9,3-18,21,3,3,5,0,2,17
Loyola Maryland 61,Lafayette 52,05,"05 Newman, Devyne",*,33,8-13,1-1,0-0,2-3,5,0,3,1,0,1,17
Loyola Maryland 61,Lafayette 52,04,"04 Dixon, Taleah",*,35,3-9,2-6,4-4,0-2,2,1,2,1,0,0,12
Loyola Maryland 61,Lafayette 52,01,"01 Ratigan, Kelly",*,38,4-8,2-4,0-1,0-1,1,2,3,1,0,0,10
Loyola Maryland 61,Lafayette 52,22,"22 Rozzi, Bri",*,36,1-4,1-3,2-2,0-2,2,3,5,2,0,1,5
Loyola Maryland 61,Lafayette 52,12,"12 Garcia, Cristina",,11,0-2,0-1,0-0,0-0,0,2,1,0,0,0,0
Loyola Maryland 61,Lafayette 52,13,"13 Tañedo, Caramina",,5,0-0,0-0,0-0,1-0,1,0,1,0,0,0,0
Loyola Maryland 61,Lafayette 52,23,"23 Espinal, Marta",,4,0-2,0-0,0-0,1-1,2,1,0,0,0,0,0
Loyola Maryland 61,Lafayette 52,15,"15 Salmerón, Laura",,1,0-0,0-0,0-0,0-0,0,0,0,0,0,0,0
Loyola Maryland 61,Lafayette 52,TM,TM TEAM,,0,0-0,0-0,0-0,1-1,2,0,0,0,0,0,0
Lafayette 52,Loyola Maryland 61,23,"23 Andrews,Makayla",*,35,6-13,0-1,2-2,1-7,8,3,0,4,1,0,14
Lafayette 52,Loyola Maryland 61,01,"01 Antognoli,Abby",*,40,5-12,1-6,2-2,1-2,3,1,5,0,0,2,13
Lafayette 52,Loyola Maryland 61,15,"15 Donahue,Kay",*,33,4-14,3-8,0-0,0-6,6,3,1,3,1,0,11
Lafayette 52,Loyola Maryland 61,24,"24 Ntaconayigize,Sauda",*,34,2-5,1-3,0-0,0-1,1,0,3,2,0,0,5
Lafayette 52,Loyola Maryland 61,22,"22 Matthews,Aniya",*,32,2-6,0-0,0-0,2-5,7,4,1,1,2,1,4
Lafayette 52,Loyola Maryland 61,04,"04 Favours,Kylie",,26,2-4,1-2,0-0,0-1,1,3,0,1,0,1,5
Lafayette 52,Loyola Maryland 61,TM,TM TEAM,,0,0-0,0-0,0-0,1-2,3,0,0,0,0,0,0
Loyola Maryland 52,Boston U. 66,04,"04 Dixon, Taleah",*,34,4-10,1-2,2-2,0-3,3,1,1,1,0,1,11
Loyola Maryland 52,Boston U. 66,05,"05 Newman, Devyne",*,33,5-17,1-3,0-0,1-1,2,2,1,1,0,1,11
Loyola Maryland 52,Boston U. 66,22,"22 Rozzi, Bri",*,37,3-7,1-3,2-2,0-5,5,0,3,1,0,0,9
Loyola Maryland 52,Boston U. 66,01,"01 Ratigan, Kelly",*,31,3-7,2-4,0-0,1-6,7,1,0,2,0,1,8
Loyola Maryland 52,Boston U. 66,45,"45 Therien, Lex",*,28,3-9,0-0,2-2,2-9,11,4,1,2,0,2,8
Loyola Maryland 52,Boston U. 66,13,"13 Tañedo, Caramina",,13,1-3,1-1,0-0,2-0,2,0,0,1,0,1,3
Loyola Maryland 52,Boston U. 66,12,"12 Garcia, Cristina",,10,1-3,0-0,0-0,0-0,0,2,0,0,0,0,2
Loyola Maryland 52,Boston U. 66,23,"23 Espinal, Marta",,12,0-2,0-0,0-0,1-2,3,3,0,4,0,0,0
Loyola Maryland 52,Boston U. 66,15,"15 Salmerón, Laura",,1,0-0,0-0,0-0,0-0,0,0,0,0,0,0,0
Loyola Maryland 52,Boston U. 66,35,"35 Therien, Ava",,1,0-0,0-0,0-0,0-0,0,1,0,0,0,0,0
Loyola Maryland 52,Boston U. 66,21,"21 Orza, Caroline",,0+,0-0,0-0,0-0,0-0,0,0,0,0,0,0,0
Loyola Maryland 52,Boston U. 66,TM,TM TEAM,,0,0-0,0-0,0-0,3-2,5,0,0,2,0,0,0
Boston U. 66,Loyola Maryland 52,10,"10 Giannaros,Alex",*,31,6-14,6-12,0-0,0-3,3,0,4,1,0,1,18
Boston U. 66,Loyola Maryland 52,30,"30 Davenport,Lauren",*,26,5-13,4-7,0-1,0-3,3,2,0,1,0,1,14
Boston U. 66,Loyola Maryland 52,33,"33 Durant,Maren",*,37,5-6,0-0,2-3,1-14,15,2,2,1,6,2,12
Boston U. 66,Loyola Maryland 52,14,"14 Johnson,Sydney",*,37,4-9,1-4,2-5,2-1,3,2,8,0,0,1,11
Boston U. 66,Loyola Maryland 52,22,"22 Pina,Maggie",*,23,1-6,0-3,0-0,0-0,0,1,2,1,0,2,2
Boston U. 66,Loyola Maryland 52,44,"44 Crispe,Sam",,17,3-5,0-1,0-0,1-3,4,3,2,2,0,0,6
Boston U. 66,Loyola Maryland 52,40,"40 Beneventine,Sophie",,18,1-3,1-2,0-0,0-0,0,0,2,1,0,1,3
Boston U. 66,Loyola Maryland 52,04,"04 Shean,Liz",,7,0-0,0-0,0-0,1-2,3,0,0,3,0,0,0
Boston U. 66,Loyola Maryland 52,02,"02 Semenova,Anastasiia",,2,0-0,0-0,0-0,0-0,0,0,0,0,0,0,0
Boston U. 66,Loyola Maryland 52,03,"03 Mingo,Kelsi",,2,0-0,0-0,0-0,0-0,0,0,0,0,0,0,0
Boston U. 66,Loyola Maryland 52,TM,TM TEAM,,0,0-0,0-0,0-0,0-1,1,0,0,0,0,0,0
