#,Player,GP,GS,TOT_Minutes,AVG_Minutes,FGM_FG,FGA_FG,FG%_FG,3PT_3PT,3PTA_3PT,3PT%_3PT,FTM_FT,FTA_FT,FT%_FT,PTS_Scoring,AVG_Scoring,OFF_Rebounds,DEF_Rebounds,TOT_Rebounds,AVG_Rebounds,PF,AST,TO,STL,BLK,Bio Link,Position,Height,Class,Highschool,Hometown,Prev School
45,"Therien, Lex",31,31,965,31.1,187,381,.491,2,13,.154,100,150,.667,476,15.4,93,251,344,11.1,105,32,103,49,7,https://loyolagreyhounds.com/sports/womens-basketball/roster/lex-therien/11624,Forward,6-1,Junior,Cherokee,"Marlton, N.J.",
04,"Dixon, Taleah",30,30,969,32.3,138,395,.349,44,139,.317,87,104,.837,407,13.6,6,50,56,1.9,65,66,76,44,1,https://loyolagreyhounds.com/sports/womens-basketball/roster/taleah-dixon/11617,Guard,5-10,Graduate Student,McDonogh School,"Baltimore, Md.",
05,"Newman, Devyne",20,13,497,24.9,67,170,.394,8,29,.276,11,13,.846,153,7.7,15,32,47,2.4,26,28,26,6,0,https://loyolagreyhounds.com/sports/womens-basketball/roster/devyne-newman/11619,Guard,5-8,Graduate Student,Herndon,"Herndon, Va.",St. Joseph's
10,"Sims, Koi",20,19,536,26.8,58,132,.439,0,1,.000,13,25,.520,129,6.5,72,104,176,8.8,34,34,42,17,18,https://loyolagreyhounds.com/sports/womens-basketball/roster/koi-sims/11750,Forward,6-0,Junior,Archbishop Spalding,"Glen Burnie, Md.",Albany
22,"Rozzi, Bri",27,23,746,27.6,55,155,.355,20,70,.286,30,37,.811,160,5.9,13,56,69,2.6,58,60,49,16,0,https://loyolagreyhounds.com/sports/womens-basketball/roster/bri-rozzi/11620,Guard,5-7,Senior,Highland,"Highland, N.Y.",
01,"Ratigan, Kelly",30,22,772,25.7,54,157,.344,36,99,.364,15,17,.882,159,5.3,12,53,65,2.2,49,35,48,10,1,https://loyolagreyhounds.com/sports/womens-basketball/roster/kelly-ratigan/11748,Guard,5-8,Sophomore,Saint Joseph,"South Bend, Ind.",
13,"Tañedo, Caramina",29,5,509,17.6,19,69,.275,14,43,.326,16,25,.640,68,2.3,23,26,49,1.7,21,18,26,21,1,https://loyolagreyhounds.com/sports/womens-basketball/roster/caramina-ta-ntilde-edo/11622,Guard,5-10,Senior,St. John's College,"Laurel, Md.",
02,"Van-Otoo, Meliah",24,4,275,11.5,17,45,.378,2,11,.182,16,30,.533,52,2.2,7,16,23,1.0,35,22,34,10,2,https://loyolagreyhounds.com/sports/womens-basketball/roster/meliah-van-otoo/11749,Guard,5-4,Sophomore,Westtown School,"Drexel Hill, Pa.",
15,"Salmerón, Laura",20,4,273,13.7,12,48,.250,3,21,.143,6,7,.857,33,1.7,1,22,23,1.2,11,12,19,10,0,https://loyolagreyhounds.com/sports/womens-basketball/roster/laura-salmer-oacute-n/11621,Guard,5-8,Junior,Institut Llavaneres,"Sant Andreu de Llavaneres, Spain",
12,"Garcia, Cristina",30,4,356,11.9,12,56,.214,0,9,.000,15,25,.600,39,1.3,26,19,45,1.5,45,17,32,10,1,https://loyolagreyhounds.com/sports/womens-basketball/roster/cristina-garcia/11752,Guard,5-9,Sophomore,Pisgah,"Sant Cugat del Vallés, Spain",
23,"Espinal, Marta",24,0,241,10.0,12,24,.500,1,4,.250,4,8,.500,29,1.2,13,21,34,1.4,38,9,26,3,3,https://loyolagreyhounds.com/sports/womens-basketball/roster/marta-espinal/11751,Forward,5-11,Sophomore,Les d'Auro School,"Castellnou de Bages, Spain",
11,"Glezen, Emma",12,0,108,9.0,4,8,.500,0,1,.000,4,6,.667,12,1.0,5,5,10,0.8,27,5,10,2,1,https://loyolagreyhounds.com/sports/womens-basketball/roster/emma-glezen/11618,Forward,6-1,Senior,Long Island Lutheran,"Wantagh, N.Y.",
35,"Therien, Ava",6,0,13,2.2,0,3,.000,0,0,.000,2,4,.500,2,0.3,2,0,2,0.3,2,1,1,0,0,https://loyolagreyhounds.com/sports/womens-basketball/roster/ava-therien/11623,Forward,5-10,Graduate Student,Cherokee,"Marlton, N.J.",
21,"Orza, Caroline",5,0,15,3.0,0,4,.000,0,2,.000,0,0,.000,0,0.0,0,0,0,0.0,1,0,2,0,0,https://loyolagreyhounds.com/sports/womens-basketball/roster/caroline-orza/12020,Guard,5-9,Sophomore,Bethesda Chevy Chase,"Chevy Chase, MD",
45,"Therien, Lex",28,25,862,30.8,142,318,.447,1,4,.250,67,105,.638,352,12.6,90,216,306,10.9,87,27,72,41,8,https://loyolagreyhounds.com/sports/womens-basketball/roster/lex-therien/10975,Forward,6-1,Junior,Cherokee,"Marlton, N.J.",
04,"Dixon, Taleah",29,29,879,30.3,102,312,.327,38,119,.319,65,75,.867,307,10.6,13,50,63,2.2,59,73,73,36,3,https://loyolagreyhounds.com/sports/womens-basketball/roster/taleah-dixon/10961,Guard,5-10,Graduate Student,McDonogh School,"Baltimore, Md.",
15,"Salmerón, Laura",11,10,341,31.0,40,97,.412,12,41,.293,7,14,.500,99,9.0,4,33,37,3.4,22,22,24,9,0,https://loyolagreyhounds.com/sports/womens-basketball/roster/laura-salmer-oacute-n/11297,Guard,5-8,Junior,Institut Llavaneres,"Sant Andreu de Llavaneres, Spain",
22,"Rozzi, Bri",29,26,921,31.8,80,215,.372,28,94,.298,34,45,.756,222,7.7,21,81,102,3.5,76,85,66,31,4,https://loyolagreyhounds.com/sports/womens-basketball/roster/bri-rozzi/10967,Guard,5-7,Senior,Highland,"Highland, N.Y.",
21,"Roberts, Charia",29,20,737,25.4,77,180,.428,0,1,.000,41,58,.707,195,6.7,42,75,117,4.0,61,18,67,17,4,https://loyolagreyhounds.com/sports/womens-basketball/roster/charia-roberts/10966,Forward,6-0,Sophomore,Pikesville,"Pikesville, Md.",
05,"Newman, Devyne",27,16,528,19.6,49,111,.441,10,26,.385,11,12,.917,119,4.4,21,41,62,2.3,25,20,34,9,2,https://loyolagreyhounds.com/sports/womens-basketball/roster/devyne-newman/10965,Guard,5-8,Graduate Student,Herndon,"Herndon, Va.",St. Joseph's
13,"Tañedo, Caramina",24,8,453,18.9,24,82,.293,15,47,.319,12,12,1.000,75,3.1,13,29,42,1.8,32,19,22,15,0,https://loyolagreyhounds.com/sports/womens-basketball/roster/caramina-ta-ntilde-edo/10970,Guard,5-10,Senior,St. John's College,"Laurel, Md.",
33,"Douglas, Keegan",26,0,391,15.0,31,82,.378,8,24,.333,7,9,.778,77,3.0,10,9,19,0.7,22,18,22,7,0,https://loyolagreyhounds.com/sports/womens-basketball/roster/keegan-douglas/10974,Guard,5-7,Freshman,Haddonfield Memorial,"Haddonfield, N.J.",
02,"Edwards, Laryn",18,11,357,19.8,20,57,.351,1,11,.091,7,11,.636,48,2.7,15,24,39,2.2,31,31,23,14,2,https://loyolagreyhounds.com/sports/womens-basketball/roster/laryn-edwards/10962,Guard,5-6,Senior,Hampton,"Allison Park, Pa.",
34,"McAteer, Emily",16,0,134,8.4,11,38,.289,3,14,.214,4,6,.667,29,1.8,8,17,25,1.6,10,2,5,4,1,https://loyolagreyhounds.com/sports/womens-basketball/roster/emily-mcateer/10964,Forward,6-0,Junior,Garnet Valley,"Thornton, Pa.",
11,"Glezen, Emma",11,0,103,9.4,6,11,.545,0,0,.000,3,6,.500,15,1.4,3,4,7,0.6,17,7,17,3,1,https://loyolagreyhounds.com/sports/womens-basketball/roster/emma-glezen/10963,Forward,6-1,Senior,Long Island Lutheran,"Wantagh, N.Y.",
12,"Steidle, Bella",14,0,77,5.5,2,8,.250,2,4,.500,5,7,.714,11,0.8,2,7,9,0.6,3,1,3,4,0,https://loyolagreyhounds.com/sports/womens-basketball/roster/bella-steidle/10969,Guard,5-11,Sophomore,Clearview Regional,"Mullica Hill, N.J.",
35,"Therien, Ava",13,0,42,3.2,4,6,.667,0,0,.000,2,2,1.000,10,0.8,4,5,9,0.7,14,2,4,1,0,https://loyolagreyhounds.com/sports/womens-basketball/roster/ava-therien/10971,Forward,5-10,Graduate Student,Cherokee,"Marlton, N.J.",
13,"Therien, Isabella",11,11,345,31.4,53,142,.373,16,37,.432,17,23,.739,139,12.6,26,58,84,7.6,43,14,35,14,1,https://loyolagreyhounds.com/sports/womens-basketball/roster/isabella-therien/8613,Forward,6-1,Senior,Cherokee,"Marlton, N.J.",
34,"McAteer, Emily",13,13,368,28.3,46,124,.371,15,52,.288,12,18,.667,119,9.2,26,44,70,5.4,30,12,22,12,12,https://loyolagreyhounds.com/sports/womens-basketball/roster/emily-mcateer/8610,Forward,6-0,Junior,Garnet Valley,"Thornton, Pa.",
04,"Dixon, Taleah",13,13,410,31.5,34,136,.250,8,39,.205,29,40,.725,105,8.1,8,22,30,2.3,32,29,33,12,1,https://loyolagreyhounds.com/sports/womens-basketball/roster/taleah-dixon/8607,Guard,5-10,Graduate Student,McDonogh School,"Baltimore, Md.",
05,"Newman, Devyne",11,9,298,27.1,36,95,.379,1,17,.059,7,10,.700,80,7.3,8,25,33,3.0,10,19,9,5,0,https://loyolagreyhounds.com/sports/womens-basketball/roster/devyne-newman/8615,Guard,5-8,Graduate Student,Herndon,"Herndon, Va.",St. Joseph's
23,"Connolly, Delaney",13,3,206,15.8,18,57,.316,5,27,.185,9,10,.900,50,3.8,14,32,46,3.5,26,4,10,3,3,https://loyolagreyhounds.com/sports/womens-basketball/roster/delaney-connolly/8606,Forward,6-0,Senior,Oakton,"Vienna, Va.",
21,"Roberts, Charia",13,0,167,12.8,15,45,.333,0,0,.000,19,28,.679,49,3.8,13,33,46,3.5,11,3,20,6,5,https://loyolagreyhounds.com/sports/womens-basketball/roster/charia-roberts/8618,Forward,6-0,Sophomore,Pikesville,"Pikesville, Md.",
22,"Rozzi, Bri",13,8,267,20.5,14,45,.311,6,28,.214,5,6,.833,39,3.0,4,25,29,2.2,29,18,19,8,0,https://loyolagreyhounds.com/sports/womens-basketball/roster/bri-rozzi/8611,Guard,5-7,Senior,Highland,"Highland, N.Y.",
03,"Tanedo, Caramina",13,3,215,16.5,11,37,.297,7,27,.259,8,10,.800,37,2.8,1,14,15,1.2,7,14,9,7,0,,,,,,,
02,"Edwards, Laryn",12,5,244,20.3,8,33,.242,5,22,.227,7,8,.875,28,2.3,3,9,12,1.0,25,19,14,14,1,https://loyolagreyhounds.com/sports/womens-basketball/roster/laryn-edwards/8608,Guard,5-6,Senior,Hampton,"Allison Park, Pa.",
10,"Sieper, Kayla",4,0,25,6.3,2,4,.500,0,0,.000,1,2,.500,5,1.3,1,2,3,0.8,4,0,4,0,0,https://loyolagreyhounds.com/sports/womens-basketball/roster/kayla-sieper/8616,Forward,6-1,Freshman,H.B. Plant,"Tampa, Fla.",
12,"Steidle, Bella",6,0,24,4.0,1,4,.250,1,4,.250,1,2,.500,4,0.7,0,3,3,0.5,2,0,1,0,0,https://loyolagreyhounds.com/sports/womens-basketball/roster/bella-steidle/8617,Guard,5-11,Sophomore,Clearview Regional,"Mullica Hill, N.J.",
11,"Glezen, Emma",4,0,31,7.8,0,5,.000,0,1,.000,0,0,.000,0,0.0,1,2,3,0.8,6,0,3,0,0,https://loyolagreyhounds.com/sports/womens-basketball/roster/emma-glezen/8609,Forward,6-1,Senior,Long Island Lutheran,"Wantagh, N.Y.",
10,"Karcz, Stephanie",29,29,928,32.0,150,361,.416,2,15,.133,35,79,.443,337,11.6,68,204,272,9.4,101,104,101,150,10,https://loyolagreyhounds.com/sports/womens-basketball/roster/stephanie-karcz/8086,Guard,5-11,Senior,Middletown South,"Middletown, N.J.",
20,"Gray, Alexis",27,27,831,30.8,82,232,.353,26,100,.260,67,84,.798,257,9.5,10,54,64,2.4,74,65,71,28,1,https://loyolagreyhounds.com/sports/womens-basketball/roster/alexis-gray/8084,Guard,5-6,Senior,Georgetown Visitation,"Clarksburg, Md.",
13,"Therien, Isabella",2,0,22,11.0,6,11,.545,1,4,.250,4,8,.500,17,8.5,2,1,3,1.5,5,1,9,2,0,https://loyolagreyhounds.com/sports/womens-basketball/roster/isabella-therien/8089,Forward,6-1,Senior,Cherokee,"Marlton, N.J.",
02,"Edwards, Laryn",28,25,832,29.7,64,199,.322,22,63,.349,49,65,.754,199,7.1,20,68,88,3.1,56,66,69,34,4,https://loyolagreyhounds.com/sports/womens-basketball/roster/laryn-edwards/8083,Guard,5-6,Senior,Hampton,"Allison Park, Pa.",
23,"Connolly, Delaney",28,27,645,23.0,72,201,.358,32,105,.305,19,24,.792,195,7.0,34,88,122,4.4,62,13,29,12,9,https://loyolagreyhounds.com/sports/womens-basketball/roster/delaney-connolly/8081,Forward,6-0,Senior,Oakton,"Vienna, Va.",
34,"McAteer, Emily",30,1,606,20.2,78,203,.384,22,71,.310,27,39,.692,205,6.8,45,89,134,4.5,40,18,36,14,10,https://loyolagreyhounds.com/sports/womens-basketball/roster/emily-mcateer/8393,Forward,6-0,Junior,Garnet Valley,"Thornton, Pa.",
32,"Niles, Hannah",30,30,627,20.9,57,148,.385,20,64,.313,36,45,.800,170,5.7,23,42,65,2.2,52,32,40,18,11,https://loyolagreyhounds.com/sports/womens-basketball/roster/hannah-niles/8087,Guard,5-9,Senior,Walt Whitman,"Glen Echo, Md.",
22,"Rozzi, Bri",30,8,621,20.7,49,167,.293,22,79,.278,31,40,.775,151,5.0,11,51,62,2.1,61,33,63,7,2,https://loyolagreyhounds.com/sports/womens-basketball/roster/bri-rozzi/8394,Guard,5-7,Senior,Highland,"Highland, N.Y.",
35,"Therien, Ava",23,1,330,14.3,50,96,.521,0,0,.000,15,25,.600,115,5.0,15,27,42,1.8,22,16,11,17,1,https://loyolagreyhounds.com/sports/womens-basketball/roster/ava-therien/8395,Forward,5-10,Graduate Student,Cherokee,"Marlton, N.J.",
15,"Hunter, Ashley",16,1,197,12.3,29,62,.468,0,0,.000,10,19,.526,68,4.3,21,18,39,2.4,23,10,13,3,6,https://loyolagreyhounds.com/sports/womens-basketball/roster/ashley-hunter/8085,Forward,6-0,Graduate Student,The John Carroll School,"Abingdon, Md.",
05,"Wagner, Mackenzie",5,0,44,8.8,4,18,.222,2,12,.167,1,2,.500,11,2.2,0,6,6,1.2,4,2,4,2,0,https://loyolagreyhounds.com/sports/womens-basketball/roster/mackenzie-wagner/8396,,,,,,
11,"Glezen, Emma",7,0,82,11.7,3,17,.176,0,4,.000,7,10,.700,13,1.9,2,6,8,1.1,7,4,6,3,2,https://loyolagreyhounds.com/sports/womens-basketball/roster/emma-glezen/8392,Forward,6-1,Senior,Long Island Lutheran,"Wantagh, N.Y.",
12,"Taylor, Molly",20,1,260,13.0,9,37,.243,7,26,.269,0,0,.000,25,1.3,4,8,12,0.6,11,11,22,2,0,https://loyolagreyhounds.com/sports/womens-basketball/roster/molly-taylor/8088,Guard,5-9,Senior,Mercersburg Academy,"Cranleigh, England",
13,"Therien, Isabella",16,14,469,29.3,82,227,.361,22,65,.338,42,59,.712,228,14.3,23,66,89,5.6,54,10,45,17,0,https://loyolagreyhounds.com/sports/womens-basketball/roster/isabella-therien/6321,Forward,6-1,Senior,Cherokee,"Marlton, N.J.",
04,"Dixon, Taleah",28,16,727,26.0,91,266,.342,20,64,.313,69,86,.802,271,9.7,15,54,69,2.5,57,42,69,29,6,https://loyolagreyhounds.com/sports/womens-basketball/roster/taleah-dixon/6317,Guard,5-10,Graduate Student,McDonogh School,"Baltimore, Md.",
23,"Connolly, Delaney",30,23,788,26.3,89,249,.357,40,134,.299,55,75,.733,273,9.1,42,99,141,4.7,73,23,38,13,14,https://loyolagreyhounds.com/sports/womens-basketball/roster/delaney-connolly/6325,Forward,6-0,Senior,Oakton,"Vienna, Va.",
11,"Betz-White, Bri",31,31,1104,35.6,81,289,.280,20,98,.204,90,110,.818,272,8.8,24,50,74,2.4,78,73,85,44,2,https://loyolagreyhounds.com/sports/womens-basketball/roster/bri-betz-white/6319,Guard,5-3,Fifth Year,Trinity,"Harrisburg, Pa.",
20,"Gray, Alexis",25,12,696,27.8,58,191,.304,38,112,.339,16,21,.762,170,6.8,5,40,45,1.8,52,32,30,16,1,https://loyolagreyhounds.com/sports/womens-basketball/roster/alexis-gray/6323,Guard,5-6,Senior,Georgetown Visitation,"Clarksburg, Md.",
10,"Karcz, Stephanie",29,27,907,31.3,89,217,.410,0,5,.000,12,31,.387,190,6.6,92,191,283,9.8,100,103,65,123,13,https://loyolagreyhounds.com/sports/womens-basketball/roster/stephanie-karcz/6318,Guard,5-11,Senior,Middletown South,"Middletown, N.J.",
32,"Niles, Hannah",30,24,721,24.0,61,160,.381,16,67,.239,18,28,.643,156,5.2,22,60,82,2.7,58,30,44,14,8,https://loyolagreyhounds.com/sports/womens-basketball/roster/hannah-niles/6326,Guard,5-9,Senior,Walt Whitman,"Glen Echo, Md.",
03,"Omdahl, Abby",1,1,11,11.0,2,6,.333,0,3,.000,1,1,1.000,5,5.0,1,1,2,2.0,1,1,1,1,0,https://loyolagreyhounds.com/sports/womens-basketball/roster/abby-omdahl/6315,Guard,5-11,Senior,Saucon Valley,"Bethlehem, Pa.",
15,"Hunter, Ashley",4,4,72,18.0,5,15,.333,0,0,.000,0,3,.000,10,2.5,7,11,18,4.5,10,0,6,1,4,https://loyolagreyhounds.com/sports/womens-basketball/roster/ashley-hunter/6322,Forward,6-0,Graduate Student,The John Carroll School,"Abingdon, Md.",
12,"Taylor, Molly",26,1,380,14.6,18,57,.316,14,44,.318,0,1,.000,50,1.9,5,19,24,0.9,15,14,19,4,0,https://loyolagreyhounds.com/sports/womens-basketball/roster/molly-taylor/6320,Guard,5-9,Senior,Mercersburg Academy,"Cranleigh, England",
22,"Barazotti, Alex",10,1,45,4.5,4,16,.250,3,15,.200,0,0,.000,11,1.1,0,2,2,0.2,0,2,1,1,0,https://loyolagreyhounds.com/sports/womens-basketball/roster/alex-barazotti/6324,Guard,5-6,Senior,Red Bank Catholic,"Howell, N.J.",
55,"Vannoy, Courtney",24,1,325,13.5,10,46,.217,0,0,.000,5,8,.625,25,1.0,20,24,44,1.8,21,12,14,7,10,https://loyolagreyhounds.com/sports/womens-basketball/roster/courtney-vannoy/6327,Forward,6-1,Senior,Blackhawk,"Beaver Falls, Pa.",
02,"Edwards, Laryn",7,0,79,11.3,3,18,.167,0,4,.000,1,1,1.000,7,1.0,2,6,8,1.1,3,4,0,1,1,https://loyolagreyhounds.com/sports/womens-basketball/roster/laryn-edwards/6328,Guard,5-6,Senior,Hampton,"Allison Park, Pa.",
13,"Therien, Isabella",26,23,847,32.6,157,384,.409,21,94,.223,61,77,.792,396,15.2,40,82,122,4.7,76,39,93,29,0,https://loyolagreyhounds.com/sports/womens-basketball/roster/isabella-therien/3676,Forward,6-1,Senior,Cherokee,"Marlton, N.J.",
10,"Karcz, Stephanie",30,30,1028,34.3,162,379,.427,3,14,.214,98,207,.473,425,14.2,90,227,317,10.6,107,124,76,112,21,https://loyolagreyhounds.com/sports/womens-basketball/roster/stephanie-karcz/3673,Guard,5-11,Senior,Middletown South,"Middletown, N.J.",
20,"Gray, Alexis",29,28,1000,34.5,119,361,.330,64,182,.352,49,61,.803,351,12.1,16,48,64,2.2,73,63,79,27,2,https://loyolagreyhounds.com/sports/womens-basketball/roster/alexis-gray/3678,Guard,5-6,Senior,Georgetown Visitation,"Clarksburg, Md.",
11,"Betz-White, Bri",5,3,132,26.4,13,39,.333,4,14,.286,14,16,.875,44,8.8,3,3,6,1.2,10,18,10,6,0,https://loyolagreyhounds.com/sports/womens-basketball/roster/bri-betz-white/3674,Guard,5-3,Fifth Year,Trinity,"Harrisburg, Pa.",
15,"Hunter, Ashley",26,17,503,19.3,62,128,.484,0,0,.000,21,40,.525,145,5.6,58,72,130,5.0,78,16,30,14,24,https://loyolagreyhounds.com/sports/womens-basketball/roster/ashley-hunter/3677,Forward,6-0,Graduate Student,The John Carroll School,"Abingdon, Md.",
31,"Connolly, Delaney",29,11,515,17.8,47,148,.318,16,56,.286,21,27,.778,131,4.5,36,61,97,3.3,74,12,33,10,7,https://loyolagreyhounds.com/sports/womens-basketball/roster/delaney-connolly/3680,Forward,6-0,Senior,Oakton,"Vienna, Va.",
12,"Gelbaugh, CaLee",24,8,371,15.5,29,92,.315,10,47,.213,17,23,.739,85,3.5,8,23,31,1.3,25,23,36,13,1,https://loyolagreyhounds.com/sports/womens-basketball/roster/calee-gelbaugh/6974,Guard,5-8,Senior,Central Dauphin East,"Harrisburg, Pa.",
01,"Taylor, Molly",17,9,333,19.6,19,61,.311,13,44,.295,5,6,.833,56,3.3,4,12,16,0.9,18,14,20,4,1,https://loyolagreyhounds.com/sports/womens-basketball/roster/molly-taylor/3675,Guard,5-9,Senior,Mercersburg Academy,"Cranleigh, England",
55,"Vannoy, Courtney",30,13,635,21.2,39,109,.358,0,0,.000,15,20,.750,93,3.1,41,43,84,2.8,56,20,22,13,10,https://loyolagreyhounds.com/sports/womens-basketball/roster/courtney-vannoy/3682,Forward,6-1,Senior,Blackhawk,"Beaver Falls, Pa.",
14,"McDonald, Madelene",14,8,136,9.7,7,24,.292,0,0,.000,6,8,.750,20,1.4,10,15,25,1.8,17,8,11,8,2,https://loyolagreyhounds.com/sports/womens-basketball/roster/madelene-mcdonald/6973,Guard,5-10,Senior,Southern Lehigh,"Coopersburg, Pa.",
32,"Niles, Hannah",11,0,48,4.4,4,13,.308,0,4,.000,3,4,.750,11,1.0,4,10,14,1.3,3,3,3,2,0,https://loyolagreyhounds.com/sports/womens-basketball/roster/hannah-niles/3681,Guard,5-9,Senior,Walt Whitman,"Glen Echo, Md.",
03,"Omdahl, Abby",16,0,195,12.2,5,29,.172,2,14,.143,1,4,.250,13,0.8,4,13,17,1.1,15,11,16,4,5,https://loyolagreyhounds.com/sports/womens-basketball/roster/abby-omdahl/3670,Guard,5-11,Senior,Saucon Valley,"Bethlehem, Pa.",
04,"Jakaitis, Claire",9,0,64,7.1,2,8,.250,0,2,.000,0,0,.000,4,0.4,0,4,4,0.4,5,3,3,0,1,https://loyolagreyhounds.com/sports/womens-basketball/roster/claire-jakaitis/3671,Forward,6-2,Sophomore,St. Charles North,"South Elgin, Ill.",
24,"Kilcullen, Maria",25,0,172,6.9,3,25,.120,2,13,.154,2,4,.500,10,0.4,10,10,20,0.8,19,10,4,2,1,https://loyolagreyhounds.com/sports/womens-basketball/roster/maria-kilcullen/6972,Guard/Forward,Junior,The Episcopal Acadmey,"Berwyn, Pa.",,
22,"Barazotti, Alex",11,0,21,1.9,1,12,.083,1,9,.111,0,0,.000,3,0.3,0,0,0,0.0,0,0,0,1,0,https://loyolagreyhounds.com/sports/womens-basketball/roster/alex-barazotti/3679,Guard,5-6,Senior,Red Bank Catholic,"Howell, N.J.",
11,"Betz-White, Bri",31,31,1082,34.9,159,383,.415,43,136,.316,104,132,.788,465,15.0,26,92,118,3.8,78,109,90,40,2,https://loyolagreyhounds.com/sports/womens-basketball/roster/bri-betz-white/3687,Guard,5-3,Fifth Year,Trinity,"Harrisburg, Pa.",
21,"Daugherty, Lauren",31,29,910,29.4,129,328,.393,31,92,.337,51,66,.773,340,11.0,39,155,194,6.3,98,45,79,28,31,https://loyolagreyhounds.com/sports/womens-basketball/roster/lauren-daugherty/3692,Forward,Senior,Hanover Park,"Florham Park, N.J.",,
10,"Karcz, Stephanie",31,24,797,25.7,120,279,.430,8,41,.195,58,108,.537,306,9.9,68,131,199,6.4,100,59,40,76,7,https://loyolagreyhounds.com/sports/womens-basketball/roster/stephanie-karcz/3686,Guard,5-11,Senior,Middletown South,"Middletown, N.J.",
20,"Gray, Alexis",13,0,260,20.0,33,94,.351,20,58,.345,11,11,1.000,97,7.5,2,21,23,1.8,16,17,18,11,1,https://loyolagreyhounds.com/sports/womens-basketball/roster/alexis-gray/3691,Guard,5-6,Senior,Georgetown Visitation,"Clarksburg, Md.",
23,"Mirarchi, Lisa",31,31,923,29.8,71,176,.403,19,74,.257,31,40,.775,192,6.2,29,59,88,2.8,70,81,55,51,6,https://loyolagreyhounds.com/sports/womens-basketball/roster/lisa-mirarchi/3694,Guard,5-8,Senior,Villa Maria Academy,"West Chester, Pa.",
01,"Taylor, Molly",28,8,573,20.5,54,138,.391,42,100,.420,5,7,.714,155,5.5,18,27,45,1.6,29,19,25,4,0,https://loyolagreyhounds.com/sports/womens-basketball/roster/molly-taylor/3683,Guard,5-9,Senior,Mercersburg Academy,"Cranleigh, England",
33,"Monzo, Carly",29,23,604,20.8,55,156,.353,8,54,.148,7,12,.583,125,4.3,24,64,88,3.0,62,34,53,26,8,https://loyolagreyhounds.com/sports/womens-basketball/roster/carly-monzo/3698,Guard/Forward,5-10,Junior,Mount St. Joseph Academy,"Flourtown, Pa.",
22,"Barazotti, Alex",10,0,40,4.0,8,22,.364,6,15,.400,3,6,.500,25,2.5,0,3,3,0.3,6,0,4,1,0,https://loyolagreyhounds.com/sports/womens-basketball/roster/alex-barazotti/3693,Guard,5-6,Senior,Red Bank Catholic,"Howell, N.J.",
15,"Hunter, Ashley",16,1,108,6.8,13,33,.394,0,0,.000,2,6,.333,28,1.8,12,20,32,2.0,15,1,9,0,4,https://loyolagreyhounds.com/sports/womens-basketball/roster/ashley-hunter/3690,Forward,6-0,Graduate Student,The John Carroll School,"Abingdon, Md.",
55,"Vannoy, Courtney",31,1,411,13.3,21,60,.350,1,4,.250,4,9,.444,47,1.5,20,38,58,1.9,29,16,20,10,3,https://loyolagreyhounds.com/sports/womens-basketball/roster/courtney-vannoy/3699,Forward,6-1,Senior,Blackhawk,"Beaver Falls, Pa.",
03,"Omdahl, Abby",21,1,189,9.0,9,36,.250,4,14,.286,2,7,.286,24,1.1,6,23,29,1.4,13,7,12,4,3,https://loyolagreyhounds.com/sports/womens-basketball/roster/abby-omdahl/3684,Guard,5-11,Senior,Saucon Valley,"Bethlehem, Pa.",
14,"McDonald, Madelene",11,0,39,3.5,5,14,.357,0,0,.000,1,3,.333,11,1.0,2,5,7,0.6,7,5,3,0,0,https://loyolagreyhounds.com/sports/womens-basketball/roster/madelene-mcdonald/3689,Guard,5-10,Senior,Southern Lehigh,"Coopersburg, Pa.",
24,"Kilcullen, Maria",26,6,179,6.9,7,22,.318,3,11,.273,6,7,.857,23,0.9,5,15,20,0.8,28,8,10,4,3,https://loyolagreyhounds.com/sports/womens-basketball/roster/maria-kilcullen/3695,Guard/Forward,Junior,The Episcopal Acadmey,"Berwyn, Pa.",,
31,"Schultz, Tori",13,0,48,3.7,4,8,.500,2,2,1.000,0,1,.000,10,0.8,0,2,2,0.2,8,1,4,1,0,https://loyolagreyhounds.com/sports/womens-basketball/roster/tori-schultz/3696,Forward,Sophomore,Lampeter-Strasburg,"Lancaster, Pa.",,
12,"Gelbaugh, CaLee",9,0,39,4.3,2,9,.222,0,0,.000,2,2,1.000,6,0.7,2,2,4,0.4,1,3,5,0,0,https://loyolagreyhounds.com/sports/womens-basketball/roster/calee-gelbaugh/3688,Guard,5-8,Senior,Central Dauphin East,"Harrisburg, Pa.",
32,"Niles, Hannah",8,0,32,4.0,2,7,.286,0,2,.000,0,0,.000,4,0.5,0,2,2,0.3,4,2,0,2,0,https://loyolagreyhounds.com/sports/womens-basketball/roster/hannah-niles/3697,Guard,5-9,Senior,Walt Whitman,"Glen Echo, Md.",
04,"Jakaitis, Claire",2,0,16,8.0,0,2,.000,0,2,.000,0,0,.000,0,0.0,0,3,3,1.5,4,1,1,0,0,https://loyolagreyhounds.com/sports/womens-basketball/roster/claire-jakaitis/3685,Forward,6-2,Sophomore,St. Charles North,"South Elgin, Ill.",
05,"Marshall, Colleen",32,31,1136,35.5,168,495,.339,43,168,.256,98,141,.695,477,14.9,24,93,117,3.7,96,73,89,66,5,https://loyolagreyhounds.com/sports/womens-basketball/roster/colleen-marshall/3701,Guard,5-9,Senior,Gaithersburg,"Gaithersburg, Md.",
11,"Betz-White, Bri",32,32,1096,34.3,103,290,.355,21,85,.247,107,149,.718,334,10.4,27,81,108,3.4,81,78,86,34,2,https://loyolagreyhounds.com/sports/womens-basketball/roster/bri-betz-white/3702,Guard,5-3,Fifth Year,Trinity,"Harrisburg, Pa.",
42,"Perry, Jeneh",32,31,914,28.6,121,274,.442,0,1,.000,72,117,.615,314,9.8,108,179,287,9.0,85,28,64,51,6,https://loyolagreyhounds.com/sports/womens-basketball/roster/jeneh-perry/3714,Forward,Senior,Girls Preparatory School,"Chattanooga, Tenn.",,
32,"Smith, Steph",32,31,959,30.0,65,176,.369,44,125,.352,20,41,.488,194,6.1,38,120,158,4.9,88,49,52,40,20,https://loyolagreyhounds.com/sports/womens-basketball/roster/steph-smith/3712,Forward,Fifth Year,Mount St. Joseph Academy,"Lower Gwynedd, Pa.",,
20,"Logan, Diana",27,1,323,12.0,52,150,.347,22,69,.319,13,19,.684,139,5.1,6,28,34,1.3,35,4,17,7,1,https://loyolagreyhounds.com/sports/womens-basketball/roster/diana-logan/3706,Guard,5-11,Senior,North Point,"Waldorf, Md.",
23,"Mirarchi, Lisa",32,31,994,31.1,59,146,.404,15,53,.283,5,12,.417,138,4.3,29,46,75,2.3,65,69,52,43,7,https://loyolagreyhounds.com/sports/womens-basketball/roster/lisa-mirarchi/3709,Guard,5-8,Senior,Villa Maria Academy,"West Chester, Pa.",
12,"Gelbaugh, CaLee",4,0,28,7.0,2,8,.250,1,4,.250,4,6,.667,9,2.3,0,2,2,0.5,2,3,2,2,0,https://loyolagreyhounds.com/sports/womens-basketball/roster/calee-gelbaugh/3703,Guard,5-8,Senior,Central Dauphin East,"Harrisburg, Pa.",
21,"Daugherty, Lauren",32,0,381,11.9,26,75,.347,6,16,.375,12,14,.857,70,2.2,19,67,86,2.7,55,16,23,12,18,https://loyolagreyhounds.com/sports/womens-basketball/roster/lauren-daugherty/3707,Forward,Senior,Hanover Park,"Florham Park, N.J.",,
55,"Vannoy, Courtney",22,0,146,6.6,13,27,.481,0,1,.000,3,4,.750,29,1.3,15,20,35,1.6,10,4,7,1,4,https://loyolagreyhounds.com/sports/womens-basketball/roster/courtney-vannoy/3715,Forward,6-1,Senior,Blackhawk,"Beaver Falls, Pa.",
14,"McDonald, Madelene",13,0,55,4.2,3,12,.250,0,0,.000,4,10,.400,10,0.8,3,8,11,0.8,7,1,9,4,1,https://loyolagreyhounds.com/sports/womens-basketball/roster/madelene-mcdonald/3704,Guard,5-10,Senior,Southern Lehigh,"Coopersburg, Pa.",
22,"Barazotti, Alex",18,0,70,3.9,4,27,.148,3,18,.167,0,4,.000,11,0.6,0,3,3,0.2,3,3,5,0,0,https://loyolagreyhounds.com/sports/womens-basketball/roster/alex-barazotti/3708,Guard,5-6,Senior,Red Bank Catholic,"Howell, N.J.",
15,"Hunter, Ashley",4,0,8,2.0,1,5,.200,0,0,.000,0,2,.000,2,0.5,1,0,1,0.3,0,0,0,0,0,https://loyolagreyhounds.com/sports/womens-basketball/roster/ashley-hunter/3705,Forward,6-0,Graduate Student,The John Carroll School,"Abingdon, Md.",
03,"Omdahl, Abby",16,0,81,5.1,3,9,.333,0,2,.000,0,0,.000,6,0.4,1,11,12,0.8,5,3,6,3,0,https://loyolagreyhounds.com/sports/womens-basketball/roster/abby-omdahl/3700,Guard,5-11,Senior,Saucon Valley,"Bethlehem, Pa.",
33,"Monzo, Carly",16,2,124,7.8,2,24,.083,0,9,.000,1,2,.500,5,0.3,7,14,21,1.3,17,10,8,0,0,https://loyolagreyhounds.com/sports/womens-basketball/roster/carly-monzo/3713,Guard/Forward,5-10,Junior,Mount St. Joseph Academy,"Flourtown, Pa.",
24,"Kilcullen, Maria",18,1,72,4.0,2,10,.200,0,5,.000,2,5,.400,6,0.3,4,2,6,0.3,6,1,4,2,2,https://loyolagreyhounds.com/sports/womens-basketball/roster/maria-kilcullen/3710,Guard/Forward,Junior,The Episcopal Acadmey,"Berwyn, Pa.",,
31,"Schultz, Tori",6,0,13,2.2,1,2,.500,0,0,.000,0,0,.000,2,0.3,1,0,1,0.2,0,1,2,0,0,https://loyolagreyhounds.com/sports/womens-basketball/roster/tori-schultz/3711,Forward,Sophomore,Lampeter-Strasburg,"Lancaster, Pa.",,
05,"Marshall, Colleen",29,29,926,31.9,125,394,.317,35,130,.269,61,94,.649,346,11.9,33,86,119,4.1,79,50,79,71,5,https://loyolagreyhounds.com/sports/womens-basketball/roster/colleen-marshall/3717,Guard,5-9,Senior,Gaithersburg,"Gaithersburg, Md.",
11,"Betz-White, Bri",30,28,920,30.7,77,256,.301,24,92,.261,72,105,.686,250,8.3,18,52,70,2.3,53,44,65,32,0,https://loyolagreyhounds.com/sports/womens-basketball/roster/bri-betz-white/3718,Guard,5-3,Fifth Year,Trinity,"Harrisburg, Pa.",
42,"Perry, Jeneh",30,8,724,24.1,89,207,.430,0,1,.000,41,77,.532,219,7.3,95,104,199,6.6,77,18,69,26,11,https://loyolagreyhounds.com/sports/womens-basketball/roster/jeneh-perry/3726,Forward,Senior,Girls Preparatory School,"Chattanooga, Tenn.",,
35,"Brown, Nai",21,3,303,14.4,53,144,.368,16,43,.372,14,19,.737,136,6.5,16,42,58,2.8,31,3,35,11,5,,,,,,,
20,"Logan, Diana",14,1,180,12.9,30,84,.357,16,40,.400,5,6,.833,81,5.8,3,15,18,1.3,10,2,12,9,0,https://loyolagreyhounds.com/sports/womens-basketball/roster/diana-logan/3720,Guard,5-11,Senior,North Point,"Waldorf, Md.",
23,"Mirarchi, Lisa",30,26,824,27.5,39,130,.300,9,38,.237,36,47,.766,123,4.1,19,47,66,2.2,56,60,55,34,4,https://loyolagreyhounds.com/sports/womens-basketball/roster/lisa-mirarchi/3722,Guard,5-8,Senior,Villa Maria Academy,"West Chester, Pa.",
21,"Daugherty, Lauren",30,25,628,20.9,44,134,.328,8,39,.205,24,33,.727,120,4.0,31,96,127,4.2,70,20,24,17,20,https://loyolagreyhounds.com/sports/womens-basketball/roster/lauren-daugherty/3721,Forward,Senior,Hanover Park,"Florham Park, N.J.",,
03,"Marshall, Kara",19,2,290,15.3,18,87,.207,9,54,.167,30,43,.698,75,3.9,7,24,31,1.6,39,19,35,17,3,https://loyolagreyhounds.com/sports/womens-basketball/roster/kara-marshall/3716,Guard,5-8,Senior,Gaithersburg,"Gaithersburg, Md.",
32,"Smith, Steph",30,28,752,25.1,39,139,.281,16,69,.232,16,31,.516,110,3.7,18,94,112,3.7,66,37,57,35,15,https://loyolagreyhounds.com/sports/womens-basketball/roster/steph-smith/3724,Forward,Fifth Year,Mount St. Joseph Academy,"Lower Gwynedd, Pa.",,
22,"Barazotti, Alex",1,0,3,3.0,1,2,.500,1,2,.500,0,0,.000,3,3.0,0,0,0,0.0,0,0,1,0,0,,,,,,,
33,"Monzo, Carly",27,0,364,13.5,25,96,.260,8,48,.167,6,12,.500,64,2.4,15,29,44,1.6,35,21,20,9,7,https://loyolagreyhounds.com/sports/womens-basketball/roster/carly-monzo/3725,Guard/Forward,5-10,Junior,Mount St. Joseph Academy,"Flourtown, Pa.",
30,"Kolberg, Karley",6,0,71,11.8,2,8,.250,0,0,.000,3,6,.500,7,1.2,5,6,11,1.8,7,4,2,0,2,https://loyolagreyhounds.com/sports/womens-basketball/roster/karley-kolberg/3723,Forward,5-10,Sophomore,Hononegah,"Rockton, Ill.",
24,"Kilcullen, Maria",1,0,5,5.0,0,1,.000,0,1,.000,0,0,.000,0,0.0,0,0,0,0.0,0,1,0,1,0,,,,,,,
14,"McDonald, Madelene",1,0,5,5.0,0,0,.000,0,0,.000,0,0,.000,0,0.0,0,0,0,0.0,0,0,0,0,0,https://loyolagreyhounds.com/sports/womens-basketball/roster/madelene-mcdonald/3719,Guard,5-10,Senior,Southern Lehigh,"Coopersburg, Pa.",
31,"Schultz, Tori",1,0,2,2.0,0,0,.000,0,0,.000,0,0,.000,0,0.0,0,0,0,0.0,0,0,0,0,0,,,,,,,
TM,Team,30,0,0,0.0,0,0,.000,0,0,.000,0,0,.000,0,0.0,79,58,137,4.6,0,0,34,0,0,,,,,,,
35,"Brown, Nai",26,20,754,29.0,141,381,.370,22,73,.301,76,117,.650,380,14.6,37,95,132,5.1,81,29,61,19,8,https://loyolagreyhounds.com/sports/womens-basketball/roster/nai-brown/3736,Guard,5-9,Junior,Sanford School,"Newark, Del.",
03,"Marshall, Kara",10,10,290,29.0,39,104,.375,21,57,.368,36,53,.679,135,13.5,5,16,21,2.1,36,22,42,22,1,https://loyolagreyhounds.com/sports/womens-basketball/roster/kara-marshall/3727,Guard,5-8,Senior,Gaithersburg,"Gaithersburg, Md.",
23,"Mirarchi, Lisa",30,27,1084,36.1,64,185,.346,12,37,.324,87,103,.845,227,7.6,27,66,93,3.1,83,106,100,43,4,https://loyolagreyhounds.com/sports/womens-basketball/roster/lisa-mirarchi/3732,Guard,5-8,Senior,Villa Maria Academy,"West Chester, Pa.",
33,"Krusen, Nicole",30,18,827,27.6,64,183,.350,48,152,.316,29,34,.853,205,6.8,10,63,73,2.4,36,18,29,13,2,https://loyolagreyhounds.com/sports/womens-basketball/roster/nicole-krusen/3735,Guard,Senior,Georgetown Visitation,"Rockville, Md.",,
13,"Padgett, Tiffany",29,22,718,24.8,73,206,.354,14,51,.275,19,37,.514,179,6.2,41,117,158,5.4,85,38,40,33,19,https://loyolagreyhounds.com/sports/womens-basketball/roster/tiffany-padgett/3728,Center,6-1,Sophomore,St. Vincent Pallotti,"Laurel, Md.",
31,"Offodile, Nneka",30,30,841,28.0,65,184,.353,1,10,.100,14,22,.636,145,4.8,38,99,137,4.6,97,49,64,37,35,https://loyolagreyhounds.com/sports/womens-basketball/roster/nneka-offodile/3733,Forward,6-1,Senior,Walsh Jesuit,"Kent, Ohio",
42,"Perry, Jeneh",30,6,658,21.9,48,133,.361,0,1,.000,43,78,.551,139,4.6,57,107,164,5.5,71,18,65,21,2,https://loyolagreyhounds.com/sports/womens-basketball/roster/jeneh-perry/3737,Forward,Senior,Girls Preparatory School,"Chattanooga, Tenn.",,
20,"Logan, Diana",16,0,252,15.8,26,87,.299,4,27,.148,14,22,.636,70,4.4,4,15,19,1.2,15,9,18,7,1,https://loyolagreyhounds.com/sports/womens-basketball/roster/diana-logan/3729,Guard,5-11,Senior,North Point,"Waldorf, Md.",
21,"Daugherty, Lauren",27,8,409,15.1,25,65,.385,3,9,.333,26,33,.788,79,2.9,17,47,64,2.4,36,8,23,9,4,https://loyolagreyhounds.com/sports/womens-basketball/roster/lauren-daugherty/3730,Forward,Senior,Hanover Park,"Florham Park, N.J.",,
22,"Butler, Brittany",25,9,242,9.7,15,52,.288,2,13,.154,5,9,.556,37,1.5,6,11,17,0.7,13,10,12,10,1,https://loyolagreyhounds.com/sports/womens-basketball/roster/brittany-butler/3731,Guard,5-9,Sophomore,Howard,"Elkridge, Md.",
21,"Sheahin, Katie",8,6,284,35.5,44,105,.419,13,40,.325,23,28,.821,124,15.5,4,40,44,5.5,17,29,24,20,9,https://loyolagreyhounds.com/sports/womens-basketball/roster/katie-sheahin/3741,Guard,5-10,Senior,Our Lady of Good Counsel,"Brookeville, Md.",
03,"Marshall, Kara",8,5,208,26.0,21,69,.304,7,27,.259,16,22,.727,65,8.1,7,6,13,1.6,19,9,25,12,1,https://loyolagreyhounds.com/sports/womens-basketball/roster/kara-marshall/3738,Guard,5-8,Senior,Gaithersburg,"Gaithersburg, Md.",
30,"Sutherland, Alyssa",8,7,237,29.6,23,54,.426,6,18,.333,4,6,.667,56,7.0,7,33,40,5.0,27,17,23,11,1,https://loyolagreyhounds.com/sports/womens-basketball/roster/alyssa-sutherland/3745,Forward,6-1,Senior,West Genesee,"Syracuse, N.Y.",
33,"Krusen, Nicole",8,7,234,29.3,17,48,.354,13,38,.342,7,8,.875,54,6.8,8,24,32,4.0,9,5,11,2,1,https://loyolagreyhounds.com/sports/womens-basketball/roster/nicole-krusen/3748,Guard,Senior,Georgetown Visitation,"Rockville, Md.",,
31,"Offodile, Nneka",8,7,233,29.1,16,43,.372,1,1,1.000,9,13,.692,42,5.3,6,37,43,5.4,20,8,15,8,6,https://loyolagreyhounds.com/sports/womens-basketball/roster/nneka-offodile/3746,Forward,6-1,Senior,Walsh Jesuit,"Kent, Ohio",
20,"Logan, Diana",8,2,127,15.9,13,32,.406,5,11,.455,7,11,.636,38,4.8,3,5,8,1.0,3,2,13,1,0,https://loyolagreyhounds.com/sports/womens-basketball/roster/diana-logan/3740,Guard,5-11,Senior,North Point,"Waldorf, Md.",
23,"Walker, Candice",7,0,62,8.9,7,18,.389,4,6,.667,0,0,.000,18,2.6,2,3,5,0.7,1,5,7,2,0,https://loyolagreyhounds.com/sports/womens-basketball/roster/candice-walker/3743,Guard,5-5,Fifth Year,Towson Catholic,"Baltimore, Md.",
13,"Padgett, Tiffany",8,0,80,10.0,3,11,.273,1,3,.333,7,10,.700,14,1.8,3,13,16,2.0,10,0,1,0,3,https://loyolagreyhounds.com/sports/womens-basketball/roster/tiffany-padgett/3739,Center,6-1,Sophomore,St. Vincent Pallotti,"Laurel, Md.",
32,"Smith, Steph",6,0,65,10.8,3,9,.333,0,1,.000,4,6,.667,10,1.7,4,12,16,2.7,12,3,5,1,3,https://loyolagreyhounds.com/sports/womens-basketball/roster/steph-smith/3747,Forward,Fifth Year,Mount St. Joseph Academy,"Lower Gwynedd, Pa.",,
22,"Butler, Brittany",3,0,7,2.3,1,3,.333,0,0,.000,0,0,.000,2,0.7,0,0,0,0.0,0,0,0,0,1,https://loyolagreyhounds.com/sports/womens-basketball/roster/brittany-butler/3742,Guard,5-9,Sophomore,Howard,"Elkridge, Md.",
01,"Robinson, Bryanna",6,0,25,4.2,0,10,.000,0,5,.000,3,6,.500,3,0.5,3,1,4,0.7,5,1,2,1,0,,,,,,,
42,"Perry, Jeneh",5,0,17,3.4,0,3,.000,0,0,.000,1,2,.500,1,0.2,1,2,3,0.6,3,1,3,2,0,https://loyolagreyhounds.com/sports/womens-basketball/roster/jeneh-perry/3750,Forward,Senior,Girls Preparatory School,"Chattanooga, Tenn.",,
35,"Brown, Nai",6,1,19,3.2,0,2,.000,0,0,.000,0,0,.000,0,0.0,0,3,3,0.5,0,0,5,1,0,https://loyolagreyhounds.com/sports/womens-basketball/roster/nai-brown/3749,Guard,5-9,Junior,Sanford School,"Newark, Del.",
25,"Smith, Julie",2,0,2,1.0,0,0,.000,0,0,.000,0,0,.000,0,0.0,0,1,1,0.5,0,0,0,0,0,https://loyolagreyhounds.com/sports/womens-basketball/roster/julie-smith/3744,Guard,5-7,Junior,Montgomery,"Skillman, N.J.",
