Opponent,Date,Score,W/L,FGM/A,PCT,3FG/A,PCT,FTM/A,PCT,OFF,DEF,TOT,AVG,PF,AST,TO,BLK,STL,PTS,AVG,Link,Date
vs Niagara,11/07/22,55-64,L,20-50,.400,1-10,.100,14-22,.636,12,31,43,43.0,17,12,33,4,5,55,55.0,https://loyolagreyhounds.com/sports/womens-basketball/stats/2022-23/niagara/boxscore/15531,2022-23
at Morgan State,11/10/22,50-59,L,20-49,.408,4-15,.267,6-10,.600,9,37,46,44.5,16,11,27,2,5,50,52.5,https://loyolagreyhounds.com/sports/womens-basketball/stats/2022-23/niagara/boxscore/15532,2022-23
vs UMBC,11/13/22,61-47,W,22-53,.415,4-14,.286,13-18,.722,10,27,37,42.0,18,10,16,2,6,61,55.3,https://loyolagreyhounds.com/sports/womens-basketball/stats/2022-23/niagara/boxscore/15533,2022-23
vs Monmouth,11/16/22,61-59,W,21-57,.368,6-18,.333,13-18,.722,15,17,32,39.5,11,11,12,0,9,61,56.8,https://loyolagreyhounds.com/sports/womens-basketball/stats/2022-23/niagara/boxscore/15534,2022-23
at George Mason,11/19/22,58-66,L,21-51,.412,3-10,.300,13-15,.867,11,16,27,37.0,23,5,14,1,7,58,57.0,https://loyolagreyhounds.com/sports/womens-basketball/stats/2022-23/niagara/boxscore/15535,2022-23
at Bryant,11/21/22,69-64,W,22-55,.400,9-20,.450,16-25,.640,14,19,33,36.3,14,15,11,0,10,69,59.0,https://loyolagreyhounds.com/sports/womens-basketball/stats/2022-23/niagara/boxscore/15536,2022-23
vs Delaware St.,11/26/22,60-51,W,24-49,.490,6-12,.500,6-7,.857,9,18,27,35.0,22,11,21,2,10,60,59.1,https://loyolagreyhounds.com/sports/womens-basketball/stats/2022-23/niagara/boxscore/15537,2022-23
vs Toledo,11/30/22,40-62,L,15-46,.326,3-13,.231,7-11,.636,9,24,33,34.8,19,7,22,1,3,40,56.8,https://loyolagreyhounds.com/sports/womens-basketball/stats/2022-23/niagara/boxscore/15538,2022-23
at Mount St. Mary's,12/03/22,66-73,L,27-50,.540,7-13,.538,5-9,.556,9,21,30,34.2,14,17,23,1,4,66,57.8,https://loyolagreyhounds.com/sports/womens-basketball/stats/2022-23/niagara/boxscore/15539,2022-23
at Pittsburgh,12/07/22,42-78,L,10-56,.179,6-23,.261,16-22,.727,21,18,39,34.7,15,8,23,1,11,42,56.2,https://loyolagreyhounds.com/sports/womens-basketball/stats/2022-23/niagara/boxscore/15540,2022-23
vs Hofstra,12/10/22,62-61,W,19-61,.311,5-21,.238,19-27,.704,12,23,35,34.7,20,11,16,1,14,62,56.7,https://loyolagreyhounds.com/sports/womens-basketball/stats/2022-23/niagara/boxscore/15541,2022-23
at Colgate,12/30/22,61-56,W,25-52,.481,2-14,.143,9-12,.750,9,23,32,34.5,11,15,14,1,7,61,57.1,https://loyolagreyhounds.com/sports/womens-basketball/stats/2022-23/niagara/boxscore/15542,2022-23
vs American,01/02/23,37-52,L,16-52,.308,4-17,.235,1-4,.250,14,21,35,34.5,15,10,24,4,10,37,55.5,https://loyolagreyhounds.com/sports/womens-basketball/stats/2022-23/niagara/boxscore/15543,2022-23
at Army West Point,01/05/23,67-48,W,28-46,.609,4-7,.571,7-11,.636,7,26,33,34.4,12,15,17,1,3,67,56.4,https://loyolagreyhounds.com/sports/womens-basketball/stats/2022-23/niagara/boxscore/15544,2022-23
vs Holy Cross,01/08/23,46-53,L,20-53,.377,5-16,.313,1-3,.333,12,19,31,34.2,15,9,15,0,6,46,55.7,https://loyolagreyhounds.com/sports/womens-basketball/stats/2022-23/niagara/boxscore/15545,2022-23
vs Bucknell,01/11/23,50-56,L,22-59,.373,3-10,.300,3-4,.750,11,18,29,33.9,15,12,7,1,2,50,55.3,https://loyolagreyhounds.com/sports/womens-basketball/stats/2022-23/niagara/boxscore/15546,2022-23
at Navy,01/14/23,43-63,L,13-48,.271,2-9,.222,15-20,.750,5,20,25,33.4,21,5,16,0,6,43,54.6,https://loyolagreyhounds.com/sports/womens-basketball/stats/2022-23/niagara/boxscore/15547,2022-23
at Lehigh,01/18/23,65-72,L,25-71,.352,5-19,.263,10-14,.714,23,29,52,34.4,22,15,21,1,2,65,55.2,https://loyolagreyhounds.com/sports/womens-basketball/stats/2022-23/niagara/boxscore/15548,2022-23
vs Boston U.,01/21/23,57-65,L,23-56,.411,5-17,.294,6-10,.600,13,23,36,34.5,17,10,16,3,2,57,55.3,https://loyolagreyhounds.com/sports/womens-basketball/stats/2022-23/niagara/boxscore/15549,2022-23
vs Lafayette,01/25/23,35-39,L,13-46,.283,1-13,.077,8-14,.571,13,27,40,34.8,14,8,17,2,8,35,54.3,https://loyolagreyhounds.com/sports/womens-basketball/stats/2022-23/niagara/boxscore/15550,2022-23
at Bucknell,01/28/23,37-73,L,14-49,.286,2-11,.182,7-11,.636,11,16,27,34.4,18,7,20,2,4,37,53.4,https://loyolagreyhounds.com/sports/womens-basketball/stats/2022-23/niagara/boxscore/15551,2022-23
at Boston U.,02/04/23,57-100,L,24-67,.358,3-12,.250,6-7,.857,6,16,22,33.8,16,11,15,1,7,57,53.6,https://loyolagreyhounds.com/sports/womens-basketball/stats/2022-23/niagara/boxscore/15552,2022-23
vs Army West Point,02/08/23,68-83,L,23-56,.411,3-9,.333,19-23,.826,10,19,29,33.6,21,10,12,2,5,68,54.2,https://loyolagreyhounds.com/sports/womens-basketball/stats/2022-23/niagara/boxscore/15553,2022-23
vs Lehigh,02/11/23,59-67,L,20-58,.345,6-20,.300,13-21,.619,11,26,37,33.8,22,12,14,1,8,59,54.4,https://loyolagreyhounds.com/sports/womens-basketball/stats/2022-23/niagara/boxscore/15554,2022-23
at Lafayette,02/15/23,66-55,W,25-59,.424,5-18,.278,11-15,.733,13,27,40,34.0,14,20,10,0,5,66,54.9,https://loyolagreyhounds.com/sports/womens-basketball/stats/2022-23/niagara/boxscore/15555,2022-23
vs Navy,02/19/23,74-50,W,26-44,.591,3-10,.300,19-21,.905,4,30,34,34.0,13,10,20,0,8,74,55.6,https://loyolagreyhounds.com/sports/womens-basketball/stats/2022-23/niagara/boxscore/15556,2022-23
at Holy Cross,02/22/23,51-59,L,16-50,.320,3-14,.214,16-23,.696,11,23,34,34.0,17,8,14,0,8,51,55.4,https://loyolagreyhounds.com/sports/womens-basketball/stats/2022-23/niagara/boxscore/15557,2022-23
at American,02/25/23,59-67,L,20-50,.400,6-17,.353,13-18,.722,13,23,36,34.1,25,9,21,1,6,59,55.6,https://loyolagreyhounds.com/sports/womens-basketball/stats/2022-23/niagara/boxscore/15558,2022-23
vs Colgate,03/01/23,50-64,L,19-45,.422,2-11,.182,10-14,.714,6,18,24,33.7,14,11,11,0,7,50,55.4,https://loyolagreyhounds.com/sports/womens-basketball/stats/2022-23/niagara/boxscore/15559,2022-23
at Lafayette,03/04/23,61-52,W,22-51,.431,6-16,.375,11-16,.688,8,28,36,33.8,12,18,10,0,4,61,55.6,https://loyolagreyhounds.com/sports/womens-basketball/stats/2022-23/niagara/boxscore/15591,2022-23
at Boston U.,03/06/23,52-66,L,20-58,.345,6-13,.462,6-6,1.000,10,28,38,33.9,14,6,14,0,6,52,55.5,https://loyolagreyhounds.com/sports/womens-basketball/stats/2022-23/niagara/boxscore/15592,2022-23
at Niagara,11/09/21,71-81,L,24-53,.453,8-14,.571,15-19,.789,7,20,27,27.0,20,12,21,0,7,71,71.0,https://loyolagreyhounds.com/sports/womens-basketball/stats/2022-23/niagara/boxscore/15070,2021-22
vs George Mason,11/12/21,51-53,L,17-54,.315,4-15,.267,13-17,.765,13,22,35,31.0,20,9,17,2,8,51,61.0,https://loyolagreyhounds.com/sports/womens-basketball/stats/2022-23/niagara/boxscore/15071,2021-22
vs Fairleigh Dickinson,11/14/21,68-59,W,24-53,.453,2-11,.182,18-23,.783,11,27,38,33.3,17,12,17,1,7,68,63.3,https://loyolagreyhounds.com/sports/womens-basketball/stats/2022-23/niagara/boxscore/15072,2021-22
vs UMBC,11/17/21,63-57,W,22-52,.423,7-19,.368,12-17,.706,11,27,38,34.5,10,15,16,2,6,63,63.3,https://loyolagreyhounds.com/sports/womens-basketball/stats/2022-23/niagara/boxscore/15073,2021-22
at Hofstra,11/20/21,53-55,L,20-53,.377,4-15,.267,9-11,.818,13,24,37,35.0,11,11,17,0,9,53,61.2,https://loyolagreyhounds.com/sports/womens-basketball/stats/2022-23/niagara/boxscore/15074,2021-22
at Georgetown,11/24/21,55-66,L,17-48,.354,6-17,.353,15-22,.682,9,18,27,33.7,20,12,19,1,7,55,60.2,https://loyolagreyhounds.com/sports/womens-basketball/stats/2022-23/niagara/boxscore/15075,2021-22
at Howard,12/01/21,59-61,L,24-50,.480,3-11,.273,8-10,.800,8,18,26,32.6,19,12,15,0,7,59,60.0,https://loyolagreyhounds.com/sports/womens-basketball/stats/2022-23/niagara/boxscore/15076,2021-22
vs Mount St. Mary's,12/04/21,56-55,W,20-48,.417,4-10,.400,12-13,.923,5,27,32,32.5,20,6,15,1,7,56,59.5,https://loyolagreyhounds.com/sports/womens-basketball/stats/2022-23/niagara/boxscore/15077,2021-22
vs Morgan St.,12/08/21,55-64,L,20-47,.426,5-12,.417,10-16,.625,8,27,35,32.8,16,15,22,0,7,55,59.0,https://loyolagreyhounds.com/sports/womens-basketball/stats/2022-23/niagara/boxscore/15078,2021-22
at Toledo,12/11/21,53-75,L,21-49,.429,3-9,.333,8-10,.800,5,18,23,31.8,15,10,13,0,6,53,58.4,https://loyolagreyhounds.com/sports/womens-basketball/stats/2022-23/niagara/boxscore/15079,2021-22
vs Boston U.,01/05/22,51-64,L,19-57,.333,6-13,.462,7-12,.583,9,29,38,32.4,16,11,11,1,4,51,57.7,https://loyolagreyhounds.com/sports/womens-basketball/stats/2022-23/niagara/boxscore/15170,2021-22
at Bucknell,01/08/22,42-62,L,18-46,.391,1-7,.143,5-6,.833,5,23,28,32.0,18,12,17,2,3,42,56.4,https://loyolagreyhounds.com/sports/womens-basketball/stats/2022-23/niagara/boxscore/15171,2021-22
at Lafayette,01/12/22,39-48,L,11-49,.224,1-10,.100,16-22,.727,15,24,39,32.5,10,9,16,2,7,39,55.1,https://loyolagreyhounds.com/sports/womens-basketball/stats/2022-23/niagara/boxscore/15172,2021-22
vs Lehigh,01/15/22,61-72,L,24-64,.375,4-17,.235,9-10,.900,9,26,35,32.7,15,12,9,0,6,61,55.5,https://loyolagreyhounds.com/sports/womens-basketball/stats/2022-23/niagara/boxscore/15173,2021-22
at Holy Cross,01/17/22,48-63,L,20-58,.345,5-18,.278,3-5,.600,12,26,38,33.1,11,10,15,0,3,48,55.0,https://loyolagreyhounds.com/sports/womens-basketball/stats/2022-23/niagara/boxscore/15332,2021-22
at Boston U.,01/19/22,47-65,L,19-50,.380,5-16,.313,4-6,.667,8,21,29,32.8,18,8,22,2,8,47,54.5,https://loyolagreyhounds.com/sports/womens-basketball/stats/2022-23/niagara/boxscore/15174,2021-22
at American,01/22/22,49-53,L,19-47,.404,1-7,.143,10-11,.909,10,24,34,32.9,15,14,22,0,9,49,54.2,https://loyolagreyhounds.com/sports/womens-basketball/stats/2022-23/niagara/boxscore/15175,2021-22
vs Colgate,01/26/22,62-61,W,23-50,.460,3-10,.300,13-17,.765,11,22,33,32.9,17,14,20,1,7,62,54.6,https://loyolagreyhounds.com/sports/womens-basketball/stats/2022-23/niagara/boxscore/15176,2021-22
vs Bucknell,01/29/22,45-60,L,15-43,.349,3-7,.429,12-17,.706,8,18,26,32.5,22,6,19,0,8,45,54.1,https://loyolagreyhounds.com/sports/womens-basketball/stats/2022-23/niagara/boxscore/15177,2021-22
vs Army West Point,02/02/22,57-63,L,24-59,.407,4-16,.250,5-7,.714,11,21,32,32.5,18,12,11,0,7,57,54.3,https://loyolagreyhounds.com/sports/womens-basketball/stats/2022-23/niagara/boxscore/15323,2021-22
at Navy,02/05/22,54-61,L,21-63,.333,5-24,.208,7-8,.875,18,20,38,32.8,16,14,11,0,5,54,54.2,https://loyolagreyhounds.com/sports/womens-basketball/stats/2022-23/niagara/boxscore/15178,2021-22
vs Holy Cross,02/09/22,49-58,L,16-49,.327,5-14,.357,12-15,.800,11,23,34,32.8,20,10,17,2,6,49,54.0,https://loyolagreyhounds.com/sports/womens-basketball/stats/2022-23/niagara/boxscore/15179,2021-22
at Colgate,02/12/22,53-68,L,23-54,.426,3-13,.231,4-11,.364,16,21,37,33.0,13,16,14,1,5,53,54.0,https://loyolagreyhounds.com/sports/womens-basketball/stats/2022-23/niagara/boxscore/15180,2021-22
vs Lafayette,02/16/22,61-77,L,25-59,.424,6-13,.462,5-8,.625,12,19,31,32.9,15,10,15,1,5,61,54.3,https://loyolagreyhounds.com/sports/womens-basketball/stats/2022-23/niagara/boxscore/15181,2021-22
at Lehigh,02/19/22,49-73,L,21-61,.344,3-10,.300,4-6,.667,12,23,35,33.0,12,10,15,0,7,49,54.0,https://loyolagreyhounds.com/sports/womens-basketball/stats/2022-23/niagara/boxscore/15182,2021-22
vs Navy,02/23/22,56-42,W,19-50,.380,6-14,.429,12-16,.750,13,27,40,33.3,13,13,19,0,4,56,54.1,https://loyolagreyhounds.com/sports/womens-basketball/stats/2022-23/niagara/boxscore/15183,2021-22
vs American,02/26/22,48-49,L,20-46,.435,3-11,.273,5-8,.625,9,18,27,33.0,14,4,20,0,9,48,53.9,https://loyolagreyhounds.com/sports/womens-basketball/stats/2022-23/niagara/boxscore/15184,2021-22
at Army West Point,03/02/22,55-63,L,24-53,.453,3-11,.273,4-8,.500,7,20,27,32.8,11,15,16,5,11,55,53.9,https://loyolagreyhounds.com/sports/womens-basketball/stats/2022-23/niagara/boxscore/15185,2021-22
at Lafayette,03/05/22,49-58,L,18-52,.346,5-21,.238,8-11,.727,8,15,23,32.5,17,11,11,1,6,49,53.8,https://loyolagreyhounds.com/sports/womens-basketball/stats/2022-23/niagara/boxscore/15186,2021-22
at Bucknell,01/02/21,44-72,L,18-53,.340,3-17,.176,5-6,.833,7,24,31,31.0,21,6,19,5,3,44,44.0,https://loyolagreyhounds.com/sports/womens-basketball/stats/2022-23/niagara/boxscore/12699,2020-21
vs Bucknell,01/03/21,44-59,L,12-56,.214,1-15,.067,19-22,.864,10,24,34,32.5,20,7,10,2,2,44,44.0,https://loyolagreyhounds.com/sports/womens-basketball/stats/2022-23/niagara/boxscore/12700,2020-21
vs American,01/23/21,45-64,L,16-51,.314,5-21,.238,8-11,.727,4,24,28,31.0,18,10,19,2,6,45,44.3,https://loyolagreyhounds.com/sports/womens-basketball/stats/2022-23/niagara/boxscore/12667,2020-21
at American,01/24/21,58-67,L,22-55,.400,3-18,.167,11-16,.688,7,25,32,31.3,25,10,19,1,7,58,47.8,https://loyolagreyhounds.com/sports/womens-basketball/stats/2022-23/niagara/boxscore/12668,2020-21
vs Lafayette,01/30/21,57-66,L,21-63,.333,7-27,.259,8-12,.667,12,16,28,30.6,17,15,8,1,9,57,49.6,https://loyolagreyhounds.com/sports/womens-basketball/stats/2022-23/niagara/boxscore/12788,2020-21
at Lafayette,02/10/21,69-76,L,27-63,.429,9-27,.333,6-6,1.000,14,19,33,31.0,15,14,11,1,4,69,52.8,https://loyolagreyhounds.com/sports/womens-basketball/stats/2022-23/niagara/boxscore/12795,2020-21
vs Navy,02/13/21,60-69,L,22-58,.379,7-20,.350,9-13,.692,5,23,28,30.6,19,9,14,1,6,60,53.9,https://loyolagreyhounds.com/sports/womens-basketball/stats/2022-23/niagara/boxscore/12862,2020-21
at Navy,02/14/21,46-50,L,16-54,.296,5-19,.263,9-11,.818,9,25,34,31.0,11,12,14,3,6,46,52.9,https://loyolagreyhounds.com/sports/womens-basketball/stats/2022-23/niagara/boxscore/12863,2020-21
at American,02/20/21,50-51,L,17-46,.370,4-13,.308,12-17,.706,10,21,31,31.0,16,9,19,1,13,50,52.6,https://loyolagreyhounds.com/sports/womens-basketball/stats/2022-23/niagara/boxscore/12864,2020-21
vs American,02/21/21,52-62,L,18-54,.333,7-19,.368,9-16,.563,12,18,30,30.9,21,12,10,1,7,52,52.5,https://loyolagreyhounds.com/sports/womens-basketball/stats/2022-23/niagara/boxscore/12865,2020-21
at Lafayette,02/27/21,35-47,L,12-53,.226,5-18,.278,6-8,.750,11,23,34,31.2,16,8,16,2,6,35,50.9,https://loyolagreyhounds.com/sports/womens-basketball/stats/2022-23/niagara/boxscore/12876,2020-21
vs Lafayette,02/28/21,45-70,L,16-57,.281,5-24,.208,8-11,.727,11,18,29,31.0,12,12,14,0,6,45,50.4,https://loyolagreyhounds.com/sports/womens-basketball/stats/2022-23/niagara/boxscore/12877,2020-21
at Bucknell,03/07/21,50-65,L,21-64,.328,3-16,.188,5-8,.625,9,29,38,31.5,14,8,11,3,6,50,50.4,https://loyolagreyhounds.com/sports/womens-basketball/stats/2022-23/niagara/boxscore/12677,2020-21
at Notre Dame,11/08/19,60-84,L,24-76,.316,6-24,.250,6-12,.500,17,24,41,41.0,23,15,19,2,12,60,60.0,https://loyolagreyhounds.com/sports/womens-basketball/stats/2022-23/niagara/boxscore/9480,2019-20
at Northwestern,11/10/19,46-67,L,17-54,.315,6-24,.250,6-9,.667,9,29,38,39.5,20,12,21,1,6,46,53.0,https://loyolagreyhounds.com/sports/womens-basketball/stats/2022-23/niagara/boxscore/9481,2019-20
at Fairleigh Dickinson,11/13/19,75-46,W,28-61,.459,6-17,.353,13-21,.619,14,25,39,39.3,19,15,9,2,12,75,60.3,https://loyolagreyhounds.com/sports/womens-basketball/stats/2022-23/niagara/boxscore/9482,2019-20
vs Howard,11/20/19,69-75,L,22-69,.319,9-28,.321,16-20,.800,16,22,38,39.0,22,21,21,1,15,69,62.5,https://loyolagreyhounds.com/sports/womens-basketball/stats/2022-23/niagara/boxscore/9483,2019-20
at St. Francis Brooklyn,11/24/19,78-89,L,30-71,.423,8-24,.333,10-17,.588,10,26,36,38.4,24,18,14,0,8,78,65.6,https://loyolagreyhounds.com/sports/womens-basketball/stats/2022-23/niagara/boxscore/9484,2019-20
at Florida Atlantic,11/29/19,61-72,L,23-62,.371,5-18,.278,10-17,.588,9,24,33,37.5,20,13,15,1,13,61,64.8,https://loyolagreyhounds.com/sports/womens-basketball/stats/2022-23/niagara/boxscore/9485,2019-20
at Wright State,11/30/19,51-66,L,19-62,.306,3-20,.150,10-13,.769,15,25,40,37.9,16,13,19,1,12,51,62.9,https://loyolagreyhounds.com/sports/womens-basketball/stats/2022-23/niagara/boxscore/9486,2019-20
at Mount St. Mary's,12/06/19,75-81,L,25-55,.455,5-19,.263,20-25,.800,17,20,37,37.8,20,17,28,2,16,75,64.4,https://loyolagreyhounds.com/sports/womens-basketball/stats/2022-23/niagara/boxscore/9487,2019-20
at Maryland,12/08/19,45-105,L,18-55,.327,2-15,.133,7-11,.636,3,19,22,36.0,14,11,25,0,12,45,62.2,https://loyolagreyhounds.com/sports/womens-basketball/stats/2022-23/niagara/boxscore/9488,2019-20
vs Monmouth,12/20/19,64-48,W,23-58,.397,9-16,.563,9-16,.563,11,22,33,35.7,17,17,10,3,16,64,62.4,https://loyolagreyhounds.com/sports/womens-basketball/stats/2022-23/niagara/boxscore/9489,2019-20
vs Dartmouth,12/31/19,72-56,W,26-58,.448,7-22,.318,13-15,.867,7,28,35,35.6,18,18,17,1,17,72,63.3,https://loyolagreyhounds.com/sports/womens-basketball/stats/2022-23/niagara/boxscore/9490,2019-20
vs Holy Cross,01/02/20,56-64,L,23-62,.371,6-27,.222,4-7,.571,14,17,31,35.3,20,13,17,5,13,56,62.7,https://loyolagreyhounds.com/sports/womens-basketball/stats/2022-23/niagara/boxscore/9491,2019-20
vs Lehigh,01/05/20,53-55,L,20-56,.357,5-15,.333,8-11,.727,8,30,38,35.5,14,10,17,4,9,53,61.9,https://loyolagreyhounds.com/sports/womens-basketball/stats/2022-23/niagara/boxscore/9492,2019-20
vs Colgate,01/08/20,74-76,L,26-69,.377,7-22,.318,15-15,1.000,14,21,35,35.4,13,16,12,2,7,74,62.8,https://loyolagreyhounds.com/sports/womens-basketball/stats/2022-23/niagara/boxscore/9493,2019-20
at Lafayette,01/11/20,52-55,L,21-64,.328,5-21,.238,5-9,.556,15,26,41,35.8,22,13,21,1,10,52,62.1,https://loyolagreyhounds.com/sports/womens-basketball/stats/2022-23/niagara/boxscore/9494,2019-20
at Boston University,01/15/20,42-44,L,16-52,.308,6-18,.333,4-7,.571,5,27,32,35.6,19,8,12,3,7,42,60.8,https://loyolagreyhounds.com/sports/womens-basketball/stats/2022-23/niagara/boxscore/9495,2019-20
vs Army West Point,01/18/20,68-59,W,24-53,.453,3-12,.250,17-24,.708,9,21,30,35.2,16,13,15,1,18,68,61.2,https://loyolagreyhounds.com/sports/womens-basketball/stats/2022-23/niagara/boxscore/9496,2019-20
at American,01/22/20,44-63,L,18-56,.321,1-11,.091,7-11,.636,13,21,34,35.2,24,11,20,1,11,44,60.3,https://loyolagreyhounds.com/sports/womens-basketball/stats/2022-23/niagara/boxscore/9497,2019-20
vs Bucknell,01/25/20,60-50,W,19-46,.413,7-14,.500,15-16,.938,9,23,32,35.0,10,10,12,0,7,60,60.3,https://loyolagreyhounds.com/sports/womens-basketball/stats/2022-23/niagara/boxscore/9498,2019-20
vs Boston U,01/29/20,39-41,L,15-45,.333,1-9,.111,8-13,.615,8,21,29,34.7,16,9,18,6,6,39,59.2,https://loyolagreyhounds.com/sports/womens-basketball/stats/2022-23/niagara/boxscore/9499,2019-20
at Navy,02/01/20,50-44,W,19-49,.388,5-13,.385,7-12,.583,12,32,44,35.1,10,11,19,1,5,50,58.8,https://loyolagreyhounds.com/sports/womens-basketball/stats/2022-23/niagara/boxscore/9500,2019-20
at Bucknell,02/08/20,42-66,L,17-54,.315,4-12,.333,4-6,.667,7,25,32,35.0,11,10,15,1,5,42,58.0,https://loyolagreyhounds.com/sports/womens-basketball/stats/2022-23/niagara/boxscore/9501,2019-20
vs American,02/12/20,56-47,W,22-56,.393,2-12,.167,10-15,.667,13,24,37,35.1,13,10,14,4,7,56,57.9,https://loyolagreyhounds.com/sports/womens-basketball/stats/2022-23/niagara/boxscore/9502,2019-20
at Colgate,02/15/20,70-79,L,25-60,.417,2-10,.200,18-28,.643,13,28,41,35.3,19,2,16,1,10,70,58.4,https://loyolagreyhounds.com/sports/womens-basketball/stats/2022-23/niagara/boxscore/9503,2019-20
at Army West Point,02/19/20,55-75,L,21-63,.333,4-21,.190,9-15,.600,12,22,34,35.3,17,6,15,2,9,55,58.3,https://loyolagreyhounds.com/sports/womens-basketball/stats/2022-23/niagara/boxscore/9504,2019-20
vs Lafayette,02/22/20,65-76,L,21-53,.396,7-21,.333,16-18,.889,7,29,36,35.3,20,14,17,2,1,65,58.5,https://loyolagreyhounds.com/sports/womens-basketball/stats/2022-23/niagara/boxscore/9505,2019-20
vs Navy,02/26/20,64-54,W,24-51,.471,6-14,.429,10-15,.667,10,25,35,35.3,8,12,16,2,7,64,58.7,https://loyolagreyhounds.com/sports/womens-basketball/stats/2022-23/niagara/boxscore/9506,2019-20
at Lehigh,03/01/20,64-82,L,24-60,.400,6-19,.316,10-18,.556,7,33,40,35.5,15,14,15,3,2,64,58.9,https://loyolagreyhounds.com/sports/womens-basketball/stats/2022-23/niagara/boxscore/9507,2019-20
at Holy Cross,03/04/20,48-66,L,17-49,.347,9-22,.409,5-9,.556,4,17,21,35.0,15,14,8,2,8,48,58.6,https://loyolagreyhounds.com/sports/womens-basketball/stats/2022-23/niagara/boxscore/9508,2019-20
vs Army West Point,03/07/20,65-72,L,26-73,.356,4-23,.174,9-15,.600,11,24,35,35.0,23,9,10,1,11,65,58.8,https://loyolagreyhounds.com/sports/womens-basketball/stats/2022-23/niagara/boxscore/9509,2019-20
at George Mason,11/06/18,38-70,L,12-60,.200,3-19,.158,11-20,.550,17,21,38,38.0,21,6,17,3,10,38,38.0,https://loyolagreyhounds.com/sports/womens-basketball/stats/2022-23/niagara/boxscore/8666,2018-19
at Dartmouth,11/09/18,41-54,L,13-53,.245,5-17,.294,10-19,.526,11,27,38,38.0,20,6,18,0,10,41,39.5,https://loyolagreyhounds.com/sports/womens-basketball/stats/2022-23/niagara/boxscore/8667,2018-19
at Georgetown,11/13/18,30-45,L,11-50,.220,3-15,.200,5-6,.833,11,26,37,37.7,17,5,15,4,4,30,36.3,https://loyolagreyhounds.com/sports/womens-basketball/stats/2022-23/niagara/boxscore/8668,2018-19
vs William & Mary,11/17/18,49-65,L,18-44,.409,4-12,.333,9-20,.450,7,21,28,35.3,15,13,16,4,9,49,39.5,https://loyolagreyhounds.com/sports/womens-basketball/stats/2022-23/niagara/boxscore/8669,2018-19
at Boston College,11/24/18,47-73,L,17-52,.327,6-16,.375,7-12,.583,9,13,22,32.6,18,6,16,0,7,47,41.0,https://loyolagreyhounds.com/sports/womens-basketball/stats/2022-23/niagara/boxscore/8670,2018-19
at Saint Joseph's,11/25/18,46-49,L,15-51,.294,5-14,.357,11-15,.733,8,25,33,32.7,22,10,14,2,8,46,41.8,https://loyolagreyhounds.com/sports/womens-basketball/stats/2022-23/niagara/boxscore/8671,2018-19
vs Mount St. Mary's,12/01/18,67-77,L,18-56,.321,2-17,.118,29-34,.853,10,18,28,32.0,21,10,13,2,10,67,45.4,https://loyolagreyhounds.com/sports/womens-basketball/stats/2022-23/niagara/boxscore/8672,2018-19
at Towson,12/04/18,57-62,L,21-67,.313,9-25,.360,6-8,.750,8,19,27,31.4,20,11,15,1,9,57,46.9,https://loyolagreyhounds.com/sports/womens-basketball/stats/2022-23/niagara/boxscore/8673,2018-19
vs St Francis Brooklyn,12/07/18,70-75,L,28-82,.341,5-29,.172,9-12,.750,12,30,42,32.6,21,14,14,1,15,70,49.4,https://loyolagreyhounds.com/sports/womens-basketball/stats/2022-23/niagara/boxscore/8674,2018-19
at Maryland,12/10/18,48-83,L,16-54,.296,12-27,.444,4-4,1.000,11,17,28,32.1,13,13,15,1,6,48,49.3,https://loyolagreyhounds.com/sports/womens-basketball/stats/2022-23/niagara/boxscore/8675,2018-19
at Monmouth,12/22/18,75-67,W,27-58,.466,10-23,.435,11-20,.550,13,22,35,32.4,15,20,13,2,15,75,51.6,https://loyolagreyhounds.com/sports/womens-basketball/stats/2022-23/niagara/boxscore/8676,2018-19
vs Navy,01/03/19,46-58,L,19-68,.279,5-19,.263,3-6,.500,15,20,35,32.6,11,13,11,4,11,46,51.2,https://loyolagreyhounds.com/sports/womens-basketball/stats/2022-23/niagara/boxscore/9136,2018-19
at Army,01/06/19,57-69,L,25-64,.391,4-17,.235,3-6,.500,9,23,32,32.5,23,9,12,5,10,57,51.6,https://loyolagreyhounds.com/sports/womens-basketball/stats/2022-23/niagara/boxscore/9137,2018-19
vs Boston University,01/09/19,62-64,L,23-66,.348,5-23,.217,11-16,.688,21,25,46,33.5,21,13,16,2,7,62,52.4,https://loyolagreyhounds.com/sports/womens-basketball/stats/2022-23/niagara/boxscore/9138,2018-19
at Holy Cross,01/12/19,60-78,L,20-68,.294,6-22,.273,14-22,.636,16,18,34,33.5,13,8,11,0,10,60,52.9,https://loyolagreyhounds.com/sports/womens-basketball/stats/2022-23/niagara/boxscore/9139,2018-19
at American,01/16/19,38-82,L,14-57,.246,3-24,.125,7-9,.778,11,23,34,33.6,26,8,19,0,7,38,51.9,https://loyolagreyhounds.com/sports/womens-basketball/stats/2022-23/niagara/boxscore/9140,2018-19
vs Lafayette,01/20/19,62-50,W,20-48,.417,10-24,.417,12-15,.800,9,25,34,33.6,17,13,12,2,1,62,52.5,https://loyolagreyhounds.com/sports/womens-basketball/stats/2022-23/niagara/boxscore/9141,2018-19
vs Bucknell,01/23/19,57-75,L,19-53,.358,9-20,.450,10-14,.714,9,18,27,33.2,11,11,14,3,5,57,52.8,https://loyolagreyhounds.com/sports/womens-basketball/stats/2022-23/niagara/boxscore/9142,2018-19
at Colgate,01/26/19,64-73,L,23-68,.338,8-20,.400,10-12,.833,12,31,43,33.7,16,17,12,3,10,64,53.4,https://loyolagreyhounds.com/sports/womens-basketball/stats/2022-23/niagara/boxscore/9143,2018-19
at Lehigh,01/30/19,42-51,L,19-53,.358,3-13,.231,1-1,1.000,7,25,32,33.7,16,11,19,1,10,42,52.8,https://loyolagreyhounds.com/sports/womens-basketball/stats/2022-23/niagara/boxscore/9144,2018-19
vs ARMY,02/02/19,70-51,W,28-62,.452,9-23,.391,5-6,.833,10,24,34,33.7,17,17,10,1,14,70,53.6,https://loyolagreyhounds.com/sports/womens-basketball/stats/2022-23/niagara/boxscore/9145,2018-19
vs Holy Cross,02/09/19,48-58,L,20-67,.299,3-20,.150,5-7,.714,14,19,33,33.6,13,9,7,2,10,48,53.4,https://loyolagreyhounds.com/sports/womens-basketball/stats/2022-23/niagara/boxscore/9146,2018-19
vs American,02/13/19,56-67,L,21-48,.438,6-17,.353,8-12,.667,6,20,26,33.3,20,14,19,2,8,56,53.5,https://loyolagreyhounds.com/sports/womens-basketball/stats/2022-23/niagara/boxscore/9147,2018-19
at Lafayette,02/16/19,55-52,W,18-54,.333,9-29,.310,10-14,.714,9,16,25,33.0,14,12,8,3,14,55,53.5,https://loyolagreyhounds.com/sports/womens-basketball/stats/2022-23/niagara/boxscore/9148,2018-19
at Bucknell,02/20/19,55-87,L,20-48,.417,3-14,.214,12-13,.923,8,12,20,32.4,9,12,17,0,5,55,53.6,https://loyolagreyhounds.com/sports/womens-basketball/stats/2022-23/niagara/boxscore/9149,2018-19
vs Colgate,02/23/19,47-58,L,16-55,.291,8-30,.267,7-9,.778,10,26,36,32.6,11,13,18,3,6,47,53.3,https://loyolagreyhounds.com/sports/womens-basketball/stats/2022-23/niagara/boxscore/9150,2018-19
vs Lehigh,02/27/19,46-65,L,16-58,.276,5-23,.217,9-10,.900,7,26,33,32.6,18,12,7,2,5,46,53.1,https://loyolagreyhounds.com/sports/womens-basketball/stats/2022-23/niagara/boxscore/9151,2018-19
at NAVY,03/02/19,55-50,W,17-51,.333,3-14,.214,18-21,.857,10,25,35,32.7,14,10,18,1,15,55,53.1,https://loyolagreyhounds.com/sports/womens-basketball/stats/2022-23/niagara/boxscore/9152,2018-19
at Boston University,03/06/19,59-55,W,20-41,.488,5-14,.357,14-20,.700,8,18,26,32.4,19,7,13,1,4,59,53.3,https://loyolagreyhounds.com/sports/womens-basketball/stats/2022-23/niagara/boxscore/9153,2018-19
vs Navy,03/09/19,58-45,W,19-51,.373,1-12,.083,19-21,.905,15,31,46,32.9,14,11,16,4,5,58,53.5,https://loyolagreyhounds.com/sports/womens-basketball/stats/2022-23/niagara/boxscore/9154,2018-19
at Bucknell,03/11/19,63-88,L,20-50,.400,4-19,.211,19-20,.950,4,14,18,32.4,16,12,14,0,11,63,53.8,https://loyolagreyhounds.com/sports/womens-basketball/stats/2022-23/niagara/boxscore/9155,2018-19
vs Cornell,11/10/17,78-63,W,29-50,.580,3-10,.300,17-22,.773,6,16,22,22.0,28,13,25,3,17,78,78.0,https://loyolagreyhounds.com/sports/womens-basketball/stats/2022-23/niagara/boxscore/5609,2017-18
vs MASON,11/14/17,72-80,L,22-60,.367,8-30,.267,20-30,.667,13,22,35,28.5,22,14,10,0,6,72,75.0,https://loyolagreyhounds.com/sports/womens-basketball/stats/2022-23/niagara/boxscore/5610,2017-18
vs Georgetown,11/16/17,54-72,L,22-59,.373,5-18,.278,5-10,.500,9,28,37,31.3,17,13,16,2,4,54,68.0,https://loyolagreyhounds.com/sports/womens-basketball/stats/2022-23/niagara/boxscore/5611,2017-18
at Marquette,11/19/17,63-83,L,23-53,.434,3-12,.250,14-19,.737,5,23,28,30.5,15,14,18,3,7,63,66.8,https://loyolagreyhounds.com/sports/womens-basketball/stats/2022-23/niagara/boxscore/5612,2017-18
at Norfolk State,11/21/17,61-58,W,22-61,.361,8-22,.364,9-15,.600,8,21,29,30.2,16,14,11,2,10,61,65.6,https://loyolagreyhounds.com/sports/womens-basketball/stats/2022-23/niagara/boxscore/5613,2017-18
at William & Mary,11/25/17,49-70,L,21-61,.344,3-14,.214,4-10,.400,10,25,35,31.0,11,15,13,5,4,49,62.8,https://loyolagreyhounds.com/sports/womens-basketball/stats/2022-23/niagara/boxscore/5614,2017-18
at Mount St. Mary's,12/02/17,63-71,L,24-71,.338,3-21,.143,12-21,.571,20,21,41,32.4,24,9,13,0,10,63,62.9,https://loyolagreyhounds.com/sports/womens-basketball/stats/2022-23/niagara/boxscore/5615,2017-18
at St. Francis Brooklyn,12/06/17,47-64,L,19-55,.345,4-13,.308,5-6,.833,11,17,28,31.9,15,9,15,2,7,47,60.9,https://loyolagreyhounds.com/sports/womens-basketball/stats/2022-23/niagara/boxscore/5616,2017-18
vs Towson,12/09/17,67-76,L,24-69,.348,2-13,.154,17-29,.586,19,20,39,32.7,32,12,19,5,7,67,61.6,https://loyolagreyhounds.com/sports/womens-basketball/stats/2022-23/niagara/boxscore/5617,2017-18
at Maryland,12/11/17,45-114,L,18-61,.295,4-24,.167,5-8,.625,12,20,32,32.6,14,10,24,2,3,45,59.9,https://loyolagreyhounds.com/sports/womens-basketball/stats/2022-23/niagara/boxscore/5618,2017-18
at Delaware,12/22/17,38-71,L,12-64,.188,3-23,.130,11-16,.688,16,21,37,33.0,20,6,9,4,7,38,57.9,https://loyolagreyhounds.com/sports/womens-basketball/stats/2022-23/niagara/boxscore/5619,2017-18
at Navy,12/29/17,44-73,L,16-54,.296,3-18,.167,9-14,.643,11,31,42,33.8,23,11,29,6,8,44,56.8,https://loyolagreyhounds.com/sports/womens-basketball/stats/2022-23/niagara/boxscore/5620,2017-18
vs Army West Point,01/02/18,62-69,L,27-61,.443,5-14,.357,3-7,.429,11,27,38,34.1,19,15,18,3,5,62,57.2,https://loyolagreyhounds.com/sports/womens-basketball/stats/2022-23/niagara/boxscore/5621,2017-18
at Boston University,01/05/18,56-75,L,18-66,.273,2-18,.111,18-30,.600,24,22,46,34.9,20,6,18,4,8,56,57.1,https://loyolagreyhounds.com/sports/womens-basketball/stats/2022-23/niagara/boxscore/5622,2017-18
vs Holy Cross,01/08/18,77-60,W,26-61,.426,5-14,.357,20-29,.690,18,30,48,35.8,16,14,15,4,8,77,58.4,https://loyolagreyhounds.com/sports/womens-basketball/stats/2022-23/niagara/boxscore/5623,2017-18
vs American,01/11/18,58-71,L,22-68,.324,4-16,.250,10-16,.625,17,26,43,36.3,19,11,10,2,7,58,58.4,https://loyolagreyhounds.com/sports/womens-basketball/stats/2022-23/niagara/boxscore/5624,2017-18
at Lafayette,01/14/18,54-65,L,21-56,.375,3-18,.167,9-15,.600,15,21,36,36.2,13,8,19,2,8,54,58.1,https://loyolagreyhounds.com/sports/womens-basketball/stats/2022-23/niagara/boxscore/5625,2017-18
at Bucknell,01/17/18,68-65,W,25-56,.446,7-13,.538,11-16,.688,9,21,30,35.9,23,17,13,4,7,68,58.7,https://loyolagreyhounds.com/sports/womens-basketball/stats/2022-23/niagara/boxscore/5626,2017-18
vs Colgate,01/21/18,70-55,W,25-68,.368,7-20,.350,13-24,.542,17,31,48,36.5,18,15,12,0,9,70,59.3,https://loyolagreyhounds.com/sports/womens-basketball/stats/2022-23/niagara/boxscore/5627,2017-18
vs Lehigh,01/24/18,67-64,W,27-55,.491,6-10,.600,7-13,.538,7,23,30,36.2,19,10,14,2,9,67,59.7,https://loyolagreyhounds.com/sports/womens-basketball/stats/2022-23/niagara/boxscore/5628,2017-18
at Army West Point,01/27/18,47-62,L,19-48,.396,3-10,.300,6-15,.400,7,20,27,35.8,23,10,17,2,7,47,59.0,https://loyolagreyhounds.com/sports/womens-basketball/stats/2022-23/niagara/boxscore/5629,2017-18
at Holy Cross,02/03/18,65-58,W,23-58,.397,8-19,.421,11-19,.579,8,27,35,35.7,22,16,11,0,10,65,59.3,https://loyolagreyhounds.com/sports/womens-basketball/stats/2022-23/niagara/boxscore/5630,2017-18
at American,02/07/18,56-69,L,20-73,.274,5-16,.313,11-17,.647,24,22,46,36.2,18,8,9,2,7,56,59.2,https://loyolagreyhounds.com/sports/womens-basketball/stats/2022-23/niagara/boxscore/5631,2017-18
vs Lafayette,02/10/18,64-73,L,24-66,.364,7-13,.538,9-15,.600,15,18,33,36.0,19,11,7,6,8,64,59.4,https://loyolagreyhounds.com/sports/womens-basketball/stats/2022-23/niagara/boxscore/5632,2017-18
vs Bucknell,02/14/18,69-74,L,27-65,.415,3-6,.500,12-18,.667,15,18,33,35.9,22,14,11,0,9,69,59.8,https://loyolagreyhounds.com/sports/womens-basketball/stats/2022-23/niagara/boxscore/5633,2017-18
at Colgate,02/17/18,60-71,L,21-59,.356,2-16,.125,16-22,.727,13,24,37,36.0,21,10,19,2,10,60,59.8,https://loyolagreyhounds.com/sports/womens-basketball/stats/2022-23/niagara/boxscore/5634,2017-18
at Lehigh,02/21/18,55-64,L,26-65,.400,3-12,.250,0-5,.000,13,20,33,35.9,23,16,14,4,10,55,59.6,https://loyolagreyhounds.com/sports/womens-basketball/stats/2022-23/niagara/boxscore/5635,2017-18
vs Navy,02/24/18,58-40,W,24-60,.400,5-16,.313,5-7,.714,14,27,41,36.0,10,14,15,0,12,58,59.5,https://loyolagreyhounds.com/sports/womens-basketball/stats/2022-23/niagara/boxscore/5636,2017-18
vs Boston University,02/28/18,65-52,W,21-50,.420,6-22,.273,17-21,.810,10,17,27,35.7,20,16,13,1,16,65,59.7,https://loyolagreyhounds.com/sports/womens-basketball/stats/2022-23/niagara/boxscore/5637,2017-18
at Navy,03/05/18,55-63,L,21-59,.356,6-22,.273,7-8,.875,13,26,39,35.8,14,13,14,3,5,55,59.6,https://loyolagreyhounds.com/sports/womens-basketball/stats/2022-23/niagara/boxscore/5638,2017-18
vs Lipscomb,11/11/16,74-30,W,30-60,.500,4-14,.286,10-18,.556,7,29,36,36.0,19,16,10,3,17,74,74.0,https://loyolagreyhounds.com/sports/womens-basketball/stats/2022-23/niagara/boxscore/5578,2016-17
at Cornell,11/13/16,50-58,L,17-49,.347,5-23,.217,11-17,.647,8,25,33,34.5,29,6,26,0,7,50,62.0,https://loyolagreyhounds.com/sports/womens-basketball/stats/2022-23/niagara/boxscore/5579,2016-17
at Fairfield,11/15/16,57-58,L,20-49,.408,2-11,.182,15-20,.750,4,31,35,34.7,22,7,20,0,6,57,60.3,https://loyolagreyhounds.com/sports/womens-basketball/stats/2022-23/niagara/boxscore/5580,2016-17
vs St. Francis Brooklyn,11/19/16,69-60,W,28-47,.596,5-15,.333,8-13,.615,7,16,23,31.8,14,18,15,0,10,69,62.5,https://loyolagreyhounds.com/sports/womens-basketball/stats/2022-23/niagara/boxscore/5581,2016-17
at Pitt,11/21/16,44-74,L,17-58,.293,6-22,.273,4-7,.571,12,27,39,33.2,17,12,19,0,1,44,58.8,https://loyolagreyhounds.com/sports/womens-basketball/stats/2022-23/niagara/boxscore/5582,2016-17
vs Columbia,11/30/16,53-65,L,21-53,.396,7-20,.350,4-9,.444,6,17,23,31.5,19,11,13,2,9,53,57.8,https://loyolagreyhounds.com/sports/womens-basketball/stats/2022-23/niagara/boxscore/5583,2016-17
vs Mount St. Mary's,12/03/16,58-53,W,19-51,.373,7-18,.389,13-18,.722,14,23,37,32.3,20,14,19,4,12,58,57.9,https://loyolagreyhounds.com/sports/womens-basketball/stats/2022-23/niagara/boxscore/5584,2016-17
vs Delaware,12/07/16,45-47,L,21-55,.382,3-12,.250,0-1,.000,6,23,29,31.9,10,13,13,2,7,45,56.3,https://loyolagreyhounds.com/sports/womens-basketball/stats/2022-23/niagara/boxscore/5585,2016-17
at UMBC,12/10/16,70-65,W,20-56,.357,9-26,.346,21-25,.840,17,30,47,33.6,19,17,15,4,5,70,57.8,https://loyolagreyhounds.com/sports/womens-basketball/stats/2022-23/niagara/boxscore/5586,2016-17
vs Maryland,12/12/16,60-79,L,25-57,.439,6-20,.300,4-8,.500,11,12,23,32.5,16,16,23,2,7,60,58.0,https://loyolagreyhounds.com/sports/womens-basketball/stats/2022-23/niagara/boxscore/5587,2016-17
at GW,12/23/16,64-74,L,24-62,.387,5-22,.227,11-13,.846,20,16,36,32.8,19,14,15,2,6,64,58.5,https://loyolagreyhounds.com/sports/womens-basketball/stats/2022-23/niagara/boxscore/5588,2016-17
vs American,12/30/16,45-60,L,17-59,.288,4-17,.235,7-10,.700,9,21,30,32.6,18,7,13,2,12,45,57.4,https://loyolagreyhounds.com/sports/womens-basketball/stats/2022-23/niagara/boxscore/5589,2016-17
at Lafayette,01/02/17,60-55,W,21-53,.396,6-22,.273,12-22,.545,7,27,34,32.7,21,12,22,4,12,60,57.6,https://loyolagreyhounds.com/sports/womens-basketball/stats/2022-23/niagara/boxscore/5590,2016-17
vs Lehigh,01/05/17,62-58,W,21-62,.339,5-21,.238,15-21,.714,17,24,41,33.3,25,9,11,2,7,62,57.9,https://loyolagreyhounds.com/sports/womens-basketball/stats/2022-23/niagara/boxscore/5591,2016-17
vs Army West Point,01/08/17,71-62,W,27-59,.458,2-13,.154,15-20,.750,11,24,35,33.4,14,16,13,2,8,71,58.8,https://loyolagreyhounds.com/sports/womens-basketball/stats/2022-23/niagara/boxscore/5592,2016-17
at Navy,01/11/17,51-77,L,17-57,.298,8-24,.333,9-13,.692,9,24,33,33.4,18,10,14,3,8,51,58.3,https://loyolagreyhounds.com/sports/womens-basketball/stats/2022-23/niagara/boxscore/5593,2016-17
at Boston University,01/14/17,58-61,L,23-63,.365,9-24,.375,3-5,.600,11,22,33,33.4,18,14,11,3,6,58,58.3,https://loyolagreyhounds.com/sports/womens-basketball/stats/2022-23/niagara/boxscore/5594,2016-17
vs Bucknell,01/18/17,66-72,L,27-67,.403,6-22,.273,6-12,.500,13,21,34,33.4,20,14,11,2,10,66,58.7,https://loyolagreyhounds.com/sports/womens-basketball/stats/2022-23/niagara/boxscore/5595,2016-17
vs Colgate,01/22/17,87-77,W,30-62,.484,8-18,.444,19-23,.826,15,20,35,33.5,15,13,13,1,8,87,60.2,https://loyolagreyhounds.com/sports/womens-basketball/stats/2022-23/niagara/boxscore/5596,2016-17
vs Lafayette,01/28/17,75-47,W,28-52,.538,7-19,.368,12-15,.800,9,28,37,33.7,21,24,19,3,12,75,61.0,https://loyolagreyhounds.com/sports/womens-basketball/stats/2022-23/niagara/boxscore/5597,2016-17
at Lehigh,02/01/17,69-86,L,25-70,.357,5-24,.208,14-16,.875,10,30,40,34.0,28,12,15,3,7,69,61.3,https://loyolagreyhounds.com/sports/womens-basketball/stats/2022-23/niagara/boxscore/5598,2016-17
at Army West Point,02/04/17,48-67,L,21-52,.404,3-13,.231,3-8,.375,7,17,24,33.5,22,8,21,3,12,48,60.7,https://loyolagreyhounds.com/sports/womens-basketball/stats/2022-23/niagara/boxscore/5599,2016-17
vs Navy,02/08/17,43-55,L,16-55,.291,5-19,.263,6-13,.462,12,24,36,33.6,11,11,12,3,8,43,60.0,https://loyolagreyhounds.com/sports/womens-basketball/stats/2022-23/niagara/boxscore/5600,2016-17
vs Boston University,02/11/17,55-67,L,21-61,.344,6-22,.273,7-11,.636,8,20,28,33.4,15,16,15,1,10,55,59.8,https://loyolagreyhounds.com/sports/womens-basketball/stats/2022-23/niagara/boxscore/5601,2016-17
at Bucknell,02/15/17,39-57,L,17-58,.293,4-19,.211,1-3,.333,7,19,26,33.1,17,11,11,2,9,39,58.9,https://loyolagreyhounds.com/sports/womens-basketball/stats/2022-23/niagara/boxscore/5602,2016-17
at Colgate,02/18/17,62-76,L,21-61,.344,10-23,.435,10-16,.625,6,29,35,33.2,23,16,8,2,7,62,59.0,https://loyolagreyhounds.com/sports/womens-basketball/stats/2022-23/niagara/boxscore/5603,2016-17
vs Holy Cross,02/22/17,58-59,L,19-54,.352,10-28,.357,10-14,.714,12,21,33,33.1,11,13,16,3,6,58,59.0,https://loyolagreyhounds.com/sports/womens-basketball/stats/2022-23/niagara/boxscore/5604,2016-17
at American,02/25/17,59-66,L,20-54,.370,4-12,.333,15-20,.750,14,21,35,33.2,20,10,12,2,5,59,59.0,https://loyolagreyhounds.com/sports/womens-basketball/stats/2022-23/niagara/boxscore/5605,2016-17
at Holy Cross,03/01/17,56-37,W,24-59,.407,5-20,.250,3-4,.750,17,28,45,33.6,13,15,14,3,10,56,58.9,https://loyolagreyhounds.com/sports/womens-basketball/stats/2022-23/niagara/boxscore/5606,2016-17
vs Lehigh,03/04/17,78-50,W,28-58,.483,12-23,.522,10-11,.909,6,25,31,33.5,16,19,7,1,10,78,59.5,https://loyolagreyhounds.com/sports/womens-basketball/stats/2022-23/niagara/boxscore/5607,2016-17
at Bucknell,03/06/17,72-75,L,27-54,.500,9-19,.474,9-11,.818,3,17,20,33.1,18,14,8,4,4,72,59.9,https://loyolagreyhounds.com/sports/womens-basketball/stats/2022-23/niagara/boxscore/5608,2016-17
at LIPSCOMB,11/13/15,57-52,W,20-66,.303,4-26,.154,13-18,.722,13,33,46,46.0,21,9,18,2,8,57,57.0,https://loyolagreyhounds.com/sports/womens-basketball/stats/2022-23/niagara/boxscore/5546,2015-16
at Villanova,11/16/15,55-67,L,22-57,.386,7-15,.467,4-10,.400,13,26,39,42.5,23,9,12,4,1,55,56.0,https://loyolagreyhounds.com/sports/womens-basketball/stats/2022-23/niagara/boxscore/5547,2015-16
vs Fairfield,11/18/15,45-71,L,15-59,.254,7-17,.412,8-13,.615,7,30,37,40.7,18,11,10,4,3,45,52.3,https://loyolagreyhounds.com/sports/womens-basketball/stats/2022-23/niagara/boxscore/5548,2015-16
vs Norfolk State,11/21/15,75-67,W,27-56,.482,8-19,.421,13-15,.867,12,21,33,38.8,22,15,16,2,13,75,58.0,https://loyolagreyhounds.com/sports/womens-basketball/stats/2022-23/niagara/boxscore/5549,2015-16
vs William & Mary,11/23/15,61-62,L,18-47,.383,5-18,.278,20-30,.667,13,23,36,38.2,20,8,19,3,3,61,58.6,https://loyolagreyhounds.com/sports/womens-basketball/stats/2022-23/niagara/boxscore/5550,2015-16
at Columbia,11/28/15,53-63,L,16-52,.308,2-23,.087,19-31,.613,11,23,34,37.5,21,7,14,1,7,53,57.7,https://loyolagreyhounds.com/sports/womens-basketball/stats/2022-23/niagara/boxscore/5551,2015-16
at Old Dominion,12/02/15,41-64,L,15-55,.273,2-13,.154,9-10,.900,11,20,31,36.6,15,7,13,2,5,41,55.3,https://loyolagreyhounds.com/sports/womens-basketball/stats/2022-23/niagara/boxscore/5552,2015-16
at Mount St. Mary's,12/05/15,65-63,W,21-52,.404,6-17,.353,17-21,.810,9,18,27,35.4,17,12,19,1,11,65,56.5,https://loyolagreyhounds.com/sports/womens-basketball/stats/2022-23/niagara/boxscore/5553,2015-16
at Maryland,12/08/15,47-97,L,19-58,.328,8-28,.286,1-1,1.000,9,18,27,34.4,18,12,21,0,6,47,55.4,https://loyolagreyhounds.com/sports/womens-basketball/stats/2022-23/niagara/boxscore/5554,2015-16
vs UMBC,12/20/15,46-52,L,17-54,.315,8-27,.296,4-8,.500,9,28,37,34.7,17,11,17,0,9,46,54.5,https://loyolagreyhounds.com/sports/womens-basketball/stats/2022-23/niagara/boxscore/5555,2015-16
at St. Francis Brooklyn,12/22/15,54-64,L,20-55,.364,5-21,.238,9-17,.529,11,23,34,34.6,23,15,19,3,9,54,54.5,https://loyolagreyhounds.com/sports/womens-basketball/stats/2022-23/niagara/boxscore/5556,2015-16
vs American,12/30/15,52-46,W,18-49,.367,4-14,.286,12-18,.667,10,24,34,34.6,18,11,14,0,9,52,54.3,https://loyolagreyhounds.com/sports/womens-basketball/stats/2022-23/niagara/boxscore/5557,2015-16
vs Lafayette,01/02/16,66-65,W,28-59,.475,4-14,.286,6-9,.667,8,18,26,33.9,14,20,10,2,10,66,55.2,https://loyolagreyhounds.com/sports/womens-basketball/stats/2022-23/niagara/boxscore/5558,2015-16
at Lehigh,01/06/16,48-66,L,16-58,.276,3-18,.167,13-20,.650,6,20,26,33.4,21,10,15,3,13,48,54.6,https://loyolagreyhounds.com/sports/womens-basketball/stats/2022-23/niagara/boxscore/5559,2015-16
at Army West Point,01/09/16,37-70,L,13-43,.302,0-3,.000,11-22,.500,11,22,33,33.3,15,3,17,3,5,37,53.5,https://loyolagreyhounds.com/sports/womens-basketball/stats/2022-23/niagara/boxscore/5560,2015-16
vs Navy,01/13/16,51-38,W,19-53,.358,5-21,.238,8-13,.615,12,24,36,33.5,10,9,13,4,5,51,53.3,https://loyolagreyhounds.com/sports/womens-basketball/stats/2022-23/niagara/boxscore/5561,2015-16
vs Boston University,01/16/16,63-54,W,22-60,.367,6-21,.286,13-16,.813,15,19,34,33.5,7,13,11,3,13,63,53.9,https://loyolagreyhounds.com/sports/womens-basketball/stats/2022-23/niagara/boxscore/5562,2015-16
at Bucknell,01/20/16,64-71,L,24-60,.400,5-18,.278,11-16,.688,10,12,22,32.9,24,12,11,2,10,64,54.4,https://loyolagreyhounds.com/sports/womens-basketball/stats/2022-23/niagara/boxscore/5563,2015-16
at Colgate,01/23/16,65-49,W,27-53,.509,6-14,.429,5-10,.500,8,24,32,32.8,15,16,11,3,12,65,55.0,https://loyolagreyhounds.com/sports/womens-basketball/stats/2022-23/niagara/boxscore/5564,2015-16
at Lafayette,01/30/16,55-51,W,17-58,.293,7-24,.292,14-22,.636,13,23,36,33.0,17,12,11,2,13,55,55.0,https://loyolagreyhounds.com/sports/womens-basketball/stats/2022-23/niagara/boxscore/5565,2015-16
vs Lehigh,02/03/16,68-76,L,25-71,.352,2-16,.125,16-23,.696,14,18,32,33.0,24,9,6,3,12,68,55.6,https://loyolagreyhounds.com/sports/womens-basketball/stats/2022-23/niagara/boxscore/5566,2015-16
vs Army West Point,02/06/16,44-52,L,13-46,.283,3-13,.231,15-24,.625,10,20,30,32.8,20,10,13,3,8,44,55.1,https://loyolagreyhounds.com/sports/womens-basketball/stats/2022-23/niagara/boxscore/5567,2015-16
at Navy,02/10/16,38-45,L,16-47,.340,2-15,.133,4-4,1.000,7,32,39,33.1,18,7,16,3,5,38,54.3,https://loyolagreyhounds.com/sports/womens-basketball/stats/2022-23/niagara/boxscore/5568,2015-16
at Boston University,02/13/16,67-46,W,24-48,.500,6-12,.500,13-22,.591,7,25,32,33.0,15,7,16,0,9,67,54.9,https://loyolagreyhounds.com/sports/womens-basketball/stats/2022-23/niagara/boxscore/5569,2015-16
vs Bucknell,02/17/16,42-64,L,18-62,.290,3-15,.200,3-12,.250,9,19,28,32.8,15,11,9,2,8,42,54.4,https://loyolagreyhounds.com/sports/womens-basketball/stats/2022-23/niagara/boxscore/5570,2015-16
vs Colgate,02/21/16,55-38,W,21-59,.356,5-20,.250,8-16,.500,13,29,42,33.2,14,16,18,2,11,55,54.4,https://loyolagreyhounds.com/sports/womens-basketball/stats/2022-23/niagara/boxscore/5571,2015-16
at Holy Cross,02/24/16,59-49,W,21-52,.404,10-24,.417,7-10,.700,10,24,34,33.2,15,12,14,2,9,59,54.6,https://loyolagreyhounds.com/sports/womens-basketball/stats/2022-23/niagara/boxscore/5572,2015-16
at American,02/27/16,55-50,W,17-51,.333,5-12,.417,16-18,.889,11,21,32,33.2,15,6,16,1,10,55,54.6,https://loyolagreyhounds.com/sports/womens-basketball/stats/2022-23/niagara/boxscore/5573,2015-16
vs Holy Cross,03/02/16,58-45,W,20-50,.400,3-19,.158,15-21,.714,6,27,33,33.2,12,15,11,2,10,58,54.7,https://loyolagreyhounds.com/sports/womens-basketball/stats/2022-23/niagara/boxscore/5574,2015-16
vs Navy,03/07/16,44-42,W,18-46,.391,3-11,.273,5-12,.417,9,19,28,33.0,17,11,11,1,8,44,54.3,https://loyolagreyhounds.com/sports/womens-basketball/stats/2022-23/niagara/boxscore/5575,2015-16
at Bucknell,03/11/16,65-53,W,20-43,.465,7-13,.538,18-25,.720,4,28,32,33.0,18,11,9,1,6,65,54.7,https://loyolagreyhounds.com/sports/womens-basketball/stats/2022-23/niagara/boxscore/5576,2015-16
at Army West Point,03/12/16,51-69,L,18-51,.353,4-15,.267,11-19,.579,12,21,33,33.0,17,6,13,2,4,51,54.6,https://loyolagreyhounds.com/sports/womens-basketball/stats/2022-23/niagara/boxscore/5577,2015-16
at UMBC,11/16/14,58-81,L,20-61,.328,6-20,.300,12-17,.706,12,22,34,34.0,21,15,15,3,8,58,58.0,https://loyolagreyhounds.com/sports/womens-basketball/stats/2022-23/niagara/boxscore/5517,2014-15
at Georgetown,11/19/14,44-71,L,13-61,.213,4-23,.174,14-26,.538,21,19,40,37.0,20,4,17,2,6,44,51.0,https://loyolagreyhounds.com/sports/womens-basketball/stats/2022-23/niagara/boxscore/5518,2014-15
at Maryland,11/24/14,43-65,L,16-55,.291,6-15,.400,5-6,.833,12,21,33,35.7,13,9,20,2,10,43,48.3,https://loyolagreyhounds.com/sports/womens-basketball/stats/2022-23/niagara/boxscore/5519,2014-15
at PITT,11/30/14,46-84,L,18-62,.290,5-15,.333,5-10,.500,15,19,34,35.3,10,14,13,3,6,46,47.8,https://loyolagreyhounds.com/sports/womens-basketball/stats/2022-23/niagara/boxscore/5520,2014-15
vs Towson,12/04/14,50-63,L,18-61,.295,8-21,.381,6-11,.545,17,28,45,37.2,18,13,17,3,5,50,48.2,https://loyolagreyhounds.com/sports/womens-basketball/stats/2022-23/niagara/boxscore/5521,2014-15
vs Mount St. Mary's,12/06/14,56-49,W,19-43,.442,6-18,.333,12-21,.571,10,21,31,36.2,20,8,27,1,12,56,49.5,https://loyolagreyhounds.com/sports/womens-basketball/stats/2022-23/niagara/boxscore/5522,2014-15
vs East Carolina,12/09/14,33-82,L,10-53,.189,0-12,.000,13-25,.520,15,22,37,36.3,17,6,25,4,11,33,47.1,https://loyolagreyhounds.com/sports/womens-basketball/stats/2022-23/niagara/boxscore/5523,2014-15
vs Saint Peter's,12/20/14,59-49,W,20-55,.364,3-16,.188,16-24,.667,8,24,32,35.8,15,6,13,2,12,59,48.6,https://loyolagreyhounds.com/sports/womens-basketball/stats/2022-23/niagara/boxscore/5524,2014-15
vs Cornell,12/22/14,61-79,L,22-49,.449,5-22,.227,12-17,.706,6,22,28,34.9,20,8,23,3,7,61,50.0,https://loyolagreyhounds.com/sports/womens-basketball/stats/2022-23/niagara/boxscore/5525,2014-15
vs George Washington,12/28/14,49-72,L,17-48,.354,2-14,.143,13-23,.565,6,15,21,33.5,17,6,23,5,10,49,49.9,https://loyolagreyhounds.com/sports/womens-basketball/stats/2022-23/niagara/boxscore/5526,2014-15
vs Navy,12/31/14,55-49,W,15-43,.349,6-15,.400,19-29,.655,7,25,32,33.4,14,10,19,3,10,55,50.4,https://loyolagreyhounds.com/sports/womens-basketball/stats/2022-23/niagara/boxscore/5527,2014-15
at Army,01/03/15,44-55,L,15-41,.366,4-14,.286,10-15,.667,9,25,34,33.4,16,5,17,2,4,44,49.8,https://loyolagreyhounds.com/sports/womens-basketball/stats/2022-23/niagara/boxscore/5528,2014-15
at American,01/07/15,50-62,L,18-46,.391,3-12,.250,11-18,.611,3,18,21,32.5,15,5,14,0,6,50,49.8,https://loyolagreyhounds.com/sports/womens-basketball/stats/2022-23/niagara/boxscore/5529,2014-15
vs Lehigh,01/10/15,64-52,W,23-58,.397,7-20,.350,11-12,.917,6,27,33,32.5,18,15,15,2,9,64,50.9,https://loyolagreyhounds.com/sports/womens-basketball/stats/2022-23/niagara/boxscore/5530,2014-15
vs Lafayette,01/14/15,49-57,L,21-52,.404,6-20,.300,1-3,.333,3,24,27,32.1,19,13,15,3,6,49,50.7,https://loyolagreyhounds.com/sports/womens-basketball/stats/2022-23/niagara/boxscore/5531,2014-15
at Boston University,01/17/15,63-53,W,20-54,.370,6-21,.286,17-22,.773,9,26,35,32.3,14,10,10,2,7,63,51.5,https://loyolagreyhounds.com/sports/womens-basketball/stats/2022-23/niagara/boxscore/5532,2014-15
at Bucknell,01/21/15,49-66,L,16-62,.258,2-14,.143,15-18,.833,10,21,31,32.2,20,7,9,3,12,49,51.4,https://loyolagreyhounds.com/sports/womens-basketball/stats/2022-23/niagara/boxscore/5533,2014-15
vs Colgate,01/24/15,45-72,L,15-51,.294,2-14,.143,13-23,.565,11,17,28,32.0,22,7,13,3,6,45,51.0,https://loyolagreyhounds.com/sports/womens-basketball/stats/2022-23/niagara/boxscore/5534,2014-15
at Holy Cross,01/29/15,57-51,W,21-50,.420,7-18,.389,8-14,.571,9,30,39,32.4,15,16,19,4,8,57,51.3,https://loyolagreyhounds.com/sports/womens-basketball/stats/2022-23/niagara/boxscore/5535,2014-15
vs Army,01/31/15,53-62,L,20-60,.333,6-22,.273,7-11,.636,12,21,33,32.4,20,8,10,1,3,53,51.4,https://loyolagreyhounds.com/sports/womens-basketball/stats/2022-23/niagara/boxscore/5536,2014-15
vs American,02/04/15,44-55,L,17-65,.262,3-18,.167,7-13,.538,14,21,35,32.5,15,8,13,1,11,44,51.0,https://loyolagreyhounds.com/sports/womens-basketball/stats/2022-23/niagara/boxscore/5537,2014-15
vs American,02/04/15,44-55,L,17-65,.262,3-18,.167,7-13,.538,14,21,35,32.6,15,8,13,1,11,44,50.7,https://loyolagreyhounds.com/sports/womens-basketball/stats/2022-23/niagara/boxscore/5540,2014-15
at Lehigh,02/07/15,61-75,L,22-67,.328,5-22,.227,12-14,.857,13,20,33,32.7,22,17,17,3,13,61,51.2,https://loyolagreyhounds.com/sports/womens-basketball/stats/2022-23/niagara/boxscore/5538,2014-15
at Lafayette,02/11/15,63-69,L,23-67,.343,8-26,.308,9-15,.600,14,24,38,32.9,18,11,16,3,10,63,51.7,https://loyolagreyhounds.com/sports/womens-basketball/stats/2022-23/niagara/boxscore/5539,2014-15
vs Bucknell,02/18/15,61-72,L,24-68,.353,5-24,.208,8-11,.727,14,18,32,32.8,25,12,12,6,11,61,52.0,https://loyolagreyhounds.com/sports/womens-basketball/stats/2022-23/niagara/boxscore/5541,2014-15
at Colgate,02/21/15,53-54,L,17-52,.327,5-15,.333,14-17,.824,12,20,32,32.8,13,6,19,5,17,53,52.1,https://loyolagreyhounds.com/sports/womens-basketball/stats/2022-23/niagara/boxscore/5542,2014-15
vs Holy Cross,02/25/15,37-65,L,13-59,.220,2-17,.118,9-18,.500,16,17,33,32.8,22,5,17,1,10,37,51.5,https://loyolagreyhounds.com/sports/womens-basketball/stats/2022-23/niagara/boxscore/5543,2014-15
at Navy,02/28/15,50-59,L,17-54,.315,4-15,.267,12-17,.706,18,26,44,33.2,18,11,17,1,7,50,51.5,https://loyolagreyhounds.com/sports/womens-basketball/stats/2022-23/niagara/boxscore/5544,2014-15
at Lafayette,03/04/15,46-58,L,16-63,.254,5-29,.172,9-9,1.000,14,21,35,33.3,13,4,9,0,8,46,51.3,https://loyolagreyhounds.com/sports/womens-basketball/stats/2022-23/niagara/boxscore/5545,2014-15
at Maryland,12/08/15,47-97,L,19-58,.328,8-28,.286,1-1,1.000,9,18,27,33.1,18,12,21,0,6,47,51.1,https://loyolagreyhounds.com/sports/womens-basketball/stats/2022-23/niagara/boxscore/5516,2014-15
at Maryland,11/10/13,53-89,L,18-51,.353,6-21,.286,11-16,.688,6,21,27,27.0,28,10,23,0,8,53,53.0,https://loyolagreyhounds.com/sports/womens-basketball/stats/2022-23/niagara/boxscore/5486,2013-14
vs Hartford,11/14/13,53-59,L,15-54,.278,3-12,.250,20-26,.769,16,26,42,34.5,25,7,18,0,7,53,53.0,https://loyolagreyhounds.com/sports/womens-basketball/stats/2022-23/niagara/boxscore/5487,2013-14
at East Carolina,11/17/13,47-68,L,15-47,.319,6-18,.333,11-18,.611,8,22,30,33.0,17,10,23,6,12,47,51.0,https://loyolagreyhounds.com/sports/womens-basketball/stats/2022-23/niagara/boxscore/5488,2013-14
vs Howard,11/20/13,72-62,W,22-49,.449,7-15,.467,21-28,.750,11,19,30,32.3,21,15,23,2,11,72,56.3,https://loyolagreyhounds.com/sports/womens-basketball/stats/2022-23/niagara/boxscore/5489,2013-14
vs Pittsburgh,11/23/13,54-60,L,18-58,.310,6-21,.286,12-15,.800,13,24,37,33.2,18,10,14,0,3,54,55.8,https://loyolagreyhounds.com/sports/womens-basketball/stats/2022-23/niagara/boxscore/5490,2013-14
at Cornell,11/26/13,53-57,L,21-53,.396,9-23,.391,2-4,.500,9,21,30,32.7,19,15,19,1,8,53,55.3,https://loyolagreyhounds.com/sports/womens-basketball/stats/2022-23/niagara/boxscore/5491,2013-14
at Saint Peter's University,12/01/13,66-65,W,22-50,.440,4-14,.286,18-25,.720,4,26,30,32.3,20,8,13,5,8,66,56.9,https://loyolagreyhounds.com/sports/womens-basketball/stats/2022-23/niagara/boxscore/5492,2013-14
at Mount St. Mary's,12/07/13,59-65,L,21-55,.382,8-14,.571,9-18,.500,15,18,33,32.4,20,13,13,1,7,59,57.1,https://loyolagreyhounds.com/sports/womens-basketball/stats/2022-23/niagara/boxscore/5493,2013-14
at George Washington,12/09/13,50-56,L,18-49,.367,4-18,.222,10-17,.588,7,26,33,32.4,18,7,24,2,9,50,56.3,https://loyolagreyhounds.com/sports/womens-basketball/stats/2022-23/niagara/boxscore/5494,2013-14
vs UMBC,12/21/13,56-49,W,17-54,.315,2-12,.167,20-34,.588,11,32,43,33.5,14,12,10,8,7,56,56.3,https://loyolagreyhounds.com/sports/womens-basketball/stats/2022-23/niagara/boxscore/5495,2013-14
at Towson,12/28/13,46-67,L,20-57,.351,1-19,.053,5-7,.714,12,22,34,33.5,16,8,21,2,10,46,55.4,https://loyolagreyhounds.com/sports/womens-basketball/stats/2022-23/niagara/boxscore/5496,2013-14
at Navy,01/02/14,44-67,L,17-48,.354,2-7,.286,8-10,.800,5,18,23,32.7,13,9,10,3,4,44,54.4,https://loyolagreyhounds.com/sports/womens-basketball/stats/2022-23/niagara/boxscore/5497,2013-14
vs ARMY,01/05/14,62-66,L (OT),21-52,.404,5-15,.333,15-22,.682,6,23,29,32.4,20,10,12,5,3,62,55.0,https://loyolagreyhounds.com/sports/womens-basketball/stats/2022-23/niagara/boxscore/5498,2013-14
vs AMERICAN,01/08/14,34-52,L,11-54,.204,2-13,.154,10-14,.714,13,29,42,33.1,11,4,16,3,5,34,53.5,https://loyolagreyhounds.com/sports/womens-basketball/stats/2022-23/niagara/boxscore/5499,2013-14
at Lehigh,01/11/14,70-64,W,24-50,.480,8-17,.471,14-17,.824,12,21,33,33.1,18,17,26,3,9,70,54.6,https://loyolagreyhounds.com/sports/womens-basketball/stats/2022-23/niagara/boxscore/5500,2013-14
at Lafayette,01/15/14,53-65,L,19-51,.373,5-12,.417,10-15,.667,10,20,30,32.9,16,11,15,1,9,53,54.5,https://loyolagreyhounds.com/sports/womens-basketball/stats/2022-23/niagara/boxscore/5501,2013-14
vs BOSTONU,01/19/14,60-70,L,23-54,.426,2-9,.222,12-17,.706,6,25,31,32.8,21,11,14,3,8,60,54.8,https://loyolagreyhounds.com/sports/womens-basketball/stats/2022-23/niagara/boxscore/5502,2013-14
vs BUCKNELL,01/22/14,60-67,L,24-52,.462,6-15,.400,6-10,.600,7,16,23,32.2,24,14,18,1,6,60,55.1,https://loyolagreyhounds.com/sports/womens-basketball/stats/2022-23/niagara/boxscore/5503,2013-14
at Colgate,01/25/14,61-54,W,24-57,.421,7-21,.333,6-10,.600,11,29,40,32.6,16,11,12,0,7,61,55.4,https://loyolagreyhounds.com/sports/womens-basketball/stats/2022-23/niagara/boxscore/5504,2013-14
vs HC,01/29/14,65-80,L,22-60,.367,2-14,.143,19-28,.679,10,17,27,32.4,20,11,7,3,6,65,55.9,https://loyolagreyhounds.com/sports/womens-basketball/stats/2022-23/niagara/boxscore/5505,2013-14
at Army,02/01/14,45-56,L (OT),10-32,.313,4-11,.364,21-27,.778,5,20,25,32.0,16,7,21,1,7,45,55.4,https://loyolagreyhounds.com/sports/womens-basketball/stats/2022-23/niagara/boxscore/5506,2013-14
at AMERICAN,02/05/14,38-63,L,11-36,.306,2-9,.222,14-20,.700,7,21,28,31.8,14,7,18,1,5,38,54.6,https://loyolagreyhounds.com/sports/womens-basketball/stats/2022-23/niagara/boxscore/5507,2013-14
vs LEHIGH,02/08/14,47-50,L,16-51,.314,2-5,.400,13-21,.619,6,26,32,31.8,21,8,12,3,7,47,54.3,https://loyolagreyhounds.com/sports/womens-basketball/stats/2022-23/niagara/boxscore/5508,2013-14
vs Lafayette,02/12/14,45-58,L,20-64,.313,3-8,.375,2-5,.400,9,20,29,31.7,18,12,13,3,11,45,53.9,https://loyolagreyhounds.com/sports/womens-basketball/stats/2022-23/niagara/boxscore/5509,2013-14
at Boston University,02/15/14,55-74,L,18-59,.305,4-18,.222,15-20,.750,9,28,37,31.9,16,9,6,2,6,55,53.9,https://loyolagreyhounds.com/sports/womens-basketball/stats/2022-23/niagara/boxscore/5510,2013-14
at Bucknell,02/19/14,49-70,L,18-54,.333,4-17,.235,9-10,.900,9,19,28,31.8,23,12,16,5,7,49,53.7,https://loyolagreyhounds.com/sports/womens-basketball/stats/2022-23/niagara/boxscore/5511,2013-14
vs COLGATE,02/23/14,65-67,L (OT),23-62,.371,4-15,.267,15-21,.714,12,31,43,32.2,20,13,19,1,6,65,54.1,https://loyolagreyhounds.com/sports/womens-basketball/stats/2022-23/niagara/boxscore/5512,2013-14
at Holy Cross,02/26/14,49-59,L,21-52,.404,3-10,.300,4-7,.571,5,21,26,32.0,15,11,21,4,10,49,54.0,https://loyolagreyhounds.com/sports/womens-basketball/stats/2022-23/niagara/boxscore/5513,2013-14
vs NAVY,03/01/14,50-74,L,18-53,.340,2-10,.200,12-16,.750,12,18,30,31.9,21,9,14,3,5,50,53.8,https://loyolagreyhounds.com/sports/womens-basketball/stats/2022-23/niagara/boxscore/5514,2013-14
at Boston University,03/04/14,35-40,L,13-62,.210,4-17,.235,5-10,.500,17,37,54,32.6,14,6,12,5,3,35,53.2,https://loyolagreyhounds.com/sports/womens-basketball/stats/2022-23/niagara/boxscore/5515,2013-14
at Hartford,11/09/12,50-64,L,18-49,.367,4-16,.250,10-16,.625,16,22,38,38.0,13,5,28,2,13,50,50.0,https://loyolagreyhounds.com/sports/womens-basketball/stats/2022-23/niagara/boxscore/5456,2012-13
vs Maryland,11/11/12,45-88,L,14-54,.259,6-19,.316,11-14,.786,6,12,18,28.0,24,9,15,3,7,45,47.5,https://loyolagreyhounds.com/sports/womens-basketball/stats/2022-23/niagara/boxscore/5457,2012-13
at UMBC,11/17/12,68-55,W,25-57,.439,11-29,.379,7-11,.636,11,31,42,32.7,10,18,10,4,6,68,54.3,https://loyolagreyhounds.com/sports/womens-basketball/stats/2022-23/niagara/boxscore/5458,2012-13
at Navy,11/20/12,60-71,L,21-53,.396,6-19,.316,12-13,.923,3,29,32,32.5,19,11,11,4,5,60,55.8,https://loyolagreyhounds.com/sports/womens-basketball/stats/2022-23/niagara/boxscore/5459,2012-13
vs TOWSON,11/25/12,52-44,W,19-48,.396,7-17,.412,7-10,.700,8,25,33,32.6,19,11,15,2,5,52,55.0,https://loyolagreyhounds.com/sports/womens-basketball/stats/2022-23/niagara/boxscore/5460,2012-13
at Howard,11/28/12,37-40,L,13-50,.260,4-18,.222,7-10,.700,10,27,37,33.3,15,9,18,1,5,37,52.0,https://loyolagreyhounds.com/sports/womens-basketball/stats/2022-23/niagara/boxscore/5461,2012-13
vs AMERICAN,12/01/12,55-53,W,16-42,.381,5-13,.385,18-24,.750,7,22,29,32.7,12,4,27,2,11,55,52.4,https://loyolagreyhounds.com/sports/womens-basketball/stats/2022-23/niagara/boxscore/5462,2012-13
vs Lehigh,12/03/12,60-48,W,22-54,.407,7-19,.368,9-14,.643,7,30,37,33.3,14,13,12,7,9,60,53.4,https://loyolagreyhounds.com/sports/womens-basketball/stats/2022-23/niagara/boxscore/5463,2012-13
